coverage_target,n_accepted,accuracy,macro_f1,score_name,split_name,model_name,seed,calibrated
0.95,9333,0.7603128683167256,0.7588614200556583,max_softmax,snli_test,compact,17,False
0.9,8842,0.7747116037095679,0.7731061157590923,max_softmax,snli_test,compact,17,False
0.8,7860,0.8057251908396946,0.8032866388636829,max_softmax,snli_test,compact,17,False
0.7,6877,0.8356841646066598,0.8330200750609945,max_softmax,snli_test,compact,17,False
0.95,9333,0.760634308368156,0.7590357915867454,margin,snli_test,compact,17,False
0.9,8842,0.7742592173716354,0.7724199451693305,margin,snli_test,compact,17,False
0.8,7860,0.8043256997455471,0.8017669625660925,margin,snli_test,compact,17,False
0.7,6877,0.8361204013377926,0.8333646371938777,margin,snli_test,compact,17,False
0.95,9333,0.7600985749491054,0.7587094131903589,entropy,snli_test,compact,17,False
0.9,8842,0.7738068310337027,0.7724684024581242,entropy,snli_test,compact,17,False
0.8,7860,0.8025445292620865,0.8009694986440351,entropy,snli_test,compact,17,False
0.7,6877,0.8304493238330668,0.8286395673027673,entropy,snli_test,compact,17,False
0.95,9333,0.760634308368156,0.7591955462159587,max_softmax,snli_test,compact,17,True
0.9,8842,0.773919927618186,0.7723691711163408,max_softmax,snli_test,compact,17,True
0.8,7860,0.8055979643765904,0.803186990874294,max_softmax,snli_test,compact,17,True
0.7,6877,0.8348116911443944,0.8322561531712375,max_softmax,snli_test,compact,17,True
0.95,9333,0.760634308368156,0.7590212776142079,margin,snli_test,compact,17,True
0.9,8842,0.7745985071250848,0.7727670443158923,margin,snli_test,compact,17,True
0.8,7860,0.8043256997455471,0.8017591744501109,margin,snli_test,compact,17,True
0.7,6877,0.8364112258252144,0.8336769152847129,margin,snli_test,compact,17,True
0.95,9333,0.759884281581485,0.7585114223595307,entropy,snli_test,compact,17,True
0.9,8842,0.7736937344492196,0.7723730064255573,entropy,snli_test,compact,17,True
0.8,7860,0.8006361323155217,0.7993467970811722,entropy,snli_test,compact,17,True
0.7,6877,0.8282681401774029,0.8271018409249948,entropy,snli_test,compact,17,True
0.95,9325,0.4293833780160858,0.4228735884189639,max_softmax,mnli_matched,compact,17,False
0.9,8834,0.43298618972153047,0.4261428199248439,max_softmax,mnli_matched,compact,17,False
0.8,7852,0.4396332144676516,0.43206483963599057,max_softmax,mnli_matched,compact,17,False
0.7,6871,0.44316693348857517,0.4344106752212407,max_softmax,mnli_matched,compact,17,False
0.95,9325,0.43056300268096515,0.42458648383326075,margin,mnli_matched,compact,17,False
0.9,8834,0.4343445777677156,0.4277789071155517,margin,mnli_matched,compact,17,False
0.8,7852,0.4410341314314824,0.43393297302394257,margin,mnli_matched,compact,17,False
0.7,6871,0.4430213942657546,0.43492887057127855,margin,mnli_matched,compact,17,False
0.95,9325,0.42873994638069707,0.4223326603596293,entropy,mnli_matched,compact,17,False
0.9,8834,0.4300430156214625,0.4226456372898219,entropy,mnli_matched,compact,17,False
0.8,7852,0.4358125318390219,0.4277798985333004,entropy,mnli_matched,compact,17,False
0.7,6871,0.43923737447242034,0.4297918191038997,entropy,mnli_matched,compact,17,False
0.95,9325,0.42927613941018766,0.4227482047510911,max_softmax,mnli_matched,compact,17,True
0.9,8834,0.4324201947022866,0.4254840363426891,max_softmax,mnli_matched,compact,17,True
0.8,7852,0.4391237901171676,0.4311622326783147,max_softmax,mnli_matched,compact,17,True
0.7,6871,0.44476786493960124,0.43591262288212046,max_softmax,mnli_matched,compact,17,True
0.95,9325,0.43056300268096515,0.42458648383326075,margin,mnli_matched,compact,17,True
0.9,8834,0.4344577767715644,0.42790127455220245,margin,mnli_matched,compact,17,True
0.8,7852,0.4412888436067244,0.434215377747972,margin,mnli_matched,compact,17,True
0.7,6871,0.4427303158201135,0.43462634228009894,margin,mnli_matched,compact,17,True
0.95,9325,0.42863270777479895,0.4222164197941229,entropy,mnli_matched,compact,17,True
0.9,8834,0.4300430156214625,0.42255888196980146,entropy,mnli_matched,compact,17,True
0.8,7852,0.43632195618950587,0.4281818150296724,entropy,mnli_matched,compact,17,True
0.7,6871,0.4388007568039587,0.4293442029065804,entropy,mnli_matched,compact,17,True
0.95,9341,0.43250187346108554,0.42445518585187864,max_softmax,mnli_mismatched,compact,17,False
0.9,8849,0.4366595095491016,0.427563125185436,max_softmax,mnli_mismatched,compact,17,False
0.8,7866,0.4412662090007628,0.4307990946166275,max_softmax,mnli_mismatched,compact,17,False
0.7,6883,0.4461717274444283,0.4341685058162268,max_softmax,mnli_mismatched,compact,17,False
0.95,9341,0.4318595439460443,0.4241908646207205,margin,mnli_mismatched,compact,17,False
0.9,8849,0.43632048819075603,0.4281382998417655,margin,mnli_mismatched,compact,17,False
0.8,7866,0.4424103737604882,0.432519112767872,margin,mnli_mismatched,compact,17,False
0.7,6883,0.4476245823042278,0.4363392918537437,margin,mnli_mismatched,compact,17,False
0.95,9341,0.43132426935017665,0.4231484964737926,entropy,mnli_mismatched,compact,17,False
0.9,8849,0.4334953102045429,0.42411208520776755,entropy,mnli_mismatched,compact,17,False
0.8,7866,0.4399949148232901,0.4282054322351372,entropy,mnli_mismatched,compact,17,False
0.7,6883,0.4493680081359872,0.4358265524656247,entropy,mnli_mismatched,compact,17,False
0.95,9341,0.432394818541912,0.42426970964281324,max_softmax,mnli_mismatched,compact,17,True
0.9,8849,0.4366595095491016,0.42752058620818073,max_softmax,mnli_mismatched,compact,17,True
0.8,7866,0.4412662090007628,0.43057593498642865,max_softmax,mnli_mismatched,compact,17,True
0.7,6883,0.44631701293040826,0.43433773126693653,max_softmax,mnli_mismatched,compact,17,True
0.95,9341,0.4317524890268708,0.4240982011397101,margin,mnli_mismatched,compact,17,True
0.9,8849,0.43620748107130747,0.4280444245504396,margin,mnli_mismatched,compact,17,True
0.8,7866,0.4430460208492245,0.43306631807093227,margin,mnli_mismatched,compact,17,True
0.7,6883,0.4476245823042278,0.4363941459945509,margin,mnli_mismatched,compact,17,True
0.95,9341,0.4312172144310031,0.42308006742620724,entropy,mnli_mismatched,compact,17,True
0.9,8849,0.4336083173239914,0.4242129845275695,entropy,mnli_mismatched,compact,17,True
0.8,7866,0.44024917365878463,0.42860794242463096,entropy,mnli_mismatched,compact,17,True
0.7,6883,0.4512567194537266,0.4377442713781683,entropy,mnli_mismatched,compact,17,True
0.95,28500,0.494280701754386,0.4939675310464438,max_softmax,hans,compact,17,False
0.9,27000,0.4945185185185185,0.49423434621153395,max_softmax,hans,compact,17,False
0.8,24000,0.4947916666666667,0.49463467966770536,max_softmax,hans,compact,17,False
0.7,21000,0.4949047619047619,0.4948885422146175,max_softmax,hans,compact,17,False
0.95,28500,0.494280701754386,0.4939675310464438,margin,hans,compact,17,False
0.9,27000,0.4945185185185185,0.49423434621153395,margin,hans,compact,17,False
0.8,24000,0.4947916666666667,0.49463467966770536,margin,hans,compact,17,False
0.7,21000,0.4949047619047619,0.4948885422146175,margin,hans,compact,17,False
0.95,28500,0.494280701754386,0.4939675310464438,entropy,hans,compact,17,False
0.9,27000,0.4945185185185185,0.49423434621153395,entropy,hans,compact,17,False
0.8,24000,0.4947916666666667,0.49463467966770536,entropy,hans,compact,17,False
0.7,21000,0.4949047619047619,0.4948885422146175,entropy,hans,compact,17,False
0.95,28500,0.49435087719298243,0.4943091138807858,max_softmax,hans,compact,17,True
0.9,27000,0.4945555555555556,0.49453758286513777,max_softmax,hans,compact,17,True
0.8,24000,0.494875,0.49487453609137083,max_softmax,hans,compact,17,True
0.7,21000,0.49476190476190474,0.49464160883793507,max_softmax,hans,compact,17,True
0.95,28500,0.49435087719298243,0.4943091138807858,margin,hans,compact,17,True
0.9,27000,0.4945555555555556,0.49453758286513777,margin,hans,compact,17,True
0.8,24000,0.494875,0.49487453609137083,margin,hans,compact,17,True
0.7,21000,0.49476190476190474,0.49464160883793507,margin,hans,compact,17,True
0.95,28500,0.49435087719298243,0.4943091138807858,entropy,hans,compact,17,True
0.9,27000,0.4945555555555556,0.49453758286513777,entropy,hans,compact,17,True
0.8,24000,0.494875,0.49487453609137083,entropy,hans,compact,17,True
0.7,21000,0.49476190476190474,0.49464160883793507,entropy,hans,compact,17,True
0.95,9333,0.7733847637415622,0.7715346711811776,max_softmax,snli_test,compact,42,False
0.9,8842,0.7886224836009953,0.7864056966372045,max_softmax,snli_test,compact,42,False
0.8,7860,0.8150127226463104,0.8121401334350272,max_softmax,snli_test,compact,42,False
0.7,6877,0.8454267849352916,0.841829276423408,max_softmax,snli_test,compact,42,False
0.95,9333,0.769313189756777,0.7672767634373369,margin,snli_test,compact,42,False
0.9,8842,0.786134358742366,0.7837456044452554,margin,snli_test,compact,42,False
0.8,7860,0.8145038167938932,0.8114087522959014,margin,snli_test,compact,42,False
0.7,6877,0.8460084339101352,0.8424768079101396,margin,snli_test,compact,42,False
0.95,9333,0.7726347369548913,0.7708062090904179,entropy,snli_test,compact,42,False
0.9,8842,0.786926034833748,0.7850623986749318,entropy,snli_test,compact,42,False
0.8,7860,0.8183206106870229,0.8162143876538052,entropy,snli_test,compact,42,False
0.7,6877,0.8439726624981824,0.8407965595157251,entropy,snli_test,compact,42,False
0.95,9333,0.7731704703739419,0.771340883698454,max_softmax,snli_test,compact,42,True
0.9,8842,0.7888486767699615,0.7867615105336127,max_softmax,snli_test,compact,42,True
0.8,7860,0.8148854961832062,0.8119910488234184,max_softmax,snli_test,compact,42,True
0.7,6877,0.8445543114730261,0.8410775920577708,max_softmax,snli_test,compact,42,True
0.95,9333,0.7694203364405872,0.7673799015659458,margin,snli_test,compact,42,True
0.9,8842,0.786134358742366,0.7837456044452554,margin,snli_test,compact,42,True
0.8,7860,0.8145038167938932,0.8114122669048632,margin,snli_test,compact,42,True
0.7,6877,0.8460084339101352,0.8424658427316561,margin,snli_test,compact,42,True
0.95,9333,0.7725275902710811,0.7707025317642185,entropy,snli_test,compact,42,True
0.9,8842,0.7865867450802986,0.7847344642623427,entropy,snli_test,compact,42,True
0.8,7860,0.8169211195928753,0.8149218435201123,entropy,snli_test,compact,42,True
0.7,6877,0.8420823033299404,0.8392208060499673,entropy,snli_test,compact,42,True
0.95,9325,0.456514745308311,0.4551795748350264,max_softmax,mnli_matched,compact,42,False
0.9,8834,0.461738736699117,0.46046982057182895,max_softmax,mnli_matched,compact,42,False
0.8,7852,0.47147223637289865,0.4702337838253478,max_softmax,mnli_matched,compact,42,False
0.7,6871,0.47649541551448116,0.47552363620889854,max_softmax,mnli_matched,compact,42,False
0.95,9325,0.4553351206434316,0.45405640934565566,margin,mnli_matched,compact,42,False
0.9,8834,0.4626443287299072,0.4613868415394505,margin,mnli_matched,compact,42,False
0.8,7852,0.4695618950585838,0.4684743972247453,margin,mnli_matched,compact,42,False
0.7,6871,0.47474894484063457,0.47379183215555093,margin,mnli_matched,compact,42,False
0.95,9325,0.45694369973190346,0.4555777845394557,entropy,mnli_matched,compact,42,False
0.9,8834,0.46139913968757074,0.45998353233750916,entropy,mnli_matched,compact,42,False
0.8,7852,0.467396841569027,0.4658953304661599,entropy,mnli_matched,compact,42,False
0.7,6871,0.47562218017755786,0.47427591908788513,entropy,mnli_matched,compact,42,False
0.95,9325,0.4567292225201072,0.45540032560717036,max_softmax,mnli_matched,compact,42,True
0.9,8834,0.4625311297260584,0.46126693262703694,max_softmax,mnli_matched,compact,42,True
0.8,7852,0.4708354559347937,0.46945453469822734,max_softmax,mnli_matched,compact,42,True
0.7,6871,0.4762043370688401,0.47507495891915624,max_softmax,mnli_matched,compact,42,True
0.95,9325,0.4552278820375335,0.45396445569652344,margin,mnli_matched,compact,42,True
0.9,8834,0.4626443287299072,0.46138787812883275,margin,mnli_matched,compact,42,True
0.8,7852,0.4696892511462048,0.4685744680771393,margin,mnli_matched,compact,42,True
0.7,6871,0.474603405617814,0.4736266521093005,margin,mnli_matched,compact,42,True
0.95,9325,0.4570509383378016,0.45571556684138775,entropy,mnli_matched,compact,42,True
0.9,8834,0.461285940683722,0.4598811958887293,entropy,mnli_matched,compact,42,True
0.8,7852,0.46803362200713194,0.4666054843747108,entropy,mnli_matched,compact,42,True
0.7,6871,0.4748944840634551,0.4735062830999674,entropy,mnli_matched,compact,42,True
0.95,9341,0.4614067016379403,0.46176430728043694,max_softmax,mnli_mismatched,compact,42,False
0.9,8849,0.4645722680528873,0.46472785940022704,max_softmax,mnli_mismatched,compact,42,False
0.8,7866,0.47406559877955756,0.4743118856039655,max_softmax,mnli_mismatched,compact,42,False
0.7,6883,0.48409123928519543,0.48407829323547896,max_softmax,mnli_mismatched,compact,42,False
0.95,9341,0.4614067016379403,0.4617641612070229,margin,mnli_mismatched,compact,42,False
0.9,8849,0.4644592609334388,0.4648698286007871,margin,mnli_mismatched,compact,42,False
0.8,7866,0.47609966946351384,0.4763946777163958,margin,mnli_mismatched,compact,42,False
0.7,6883,0.4832195263693157,0.48319042422381386,margin,mnli_mismatched,compact,42,False
0.95,9341,0.4612996467187667,0.4615520365849948,entropy,mnli_mismatched,compact,42,False
0.9,8849,0.46423324669454175,0.4644514934431576,entropy,mnli_mismatched,compact,42,False
0.8,7866,0.47050597508263414,0.4705476223067693,entropy,mnli_mismatched,compact,42,False
0.7,6883,0.48162138602353627,0.48100115940741744,entropy,mnli_mismatched,compact,42,False
0.95,9341,0.4612996467187667,0.46166732036138886,max_softmax,mnli_mismatched,compact,42,True
0.9,8849,0.4649112894112329,0.46499783713263404,max_softmax,mnli_mismatched,compact,42,True
0.8,7866,0.4744469870327994,0.4746897267533489,max_softmax,mnli_mismatched,compact,42,True
0.7,6883,0.48394595379921546,0.4838736173321621,max_softmax,mnli_mismatched,compact,42,True
0.95,9341,0.4614067016379403,0.4617731493286359,margin,mnli_mismatched,compact,42,True
0.9,8849,0.4645722680528873,0.46498992798657185,margin,mnli_mismatched,compact,42,True
0.8,7866,0.4759725400457666,0.4762523258844378,margin,mnli_mismatched,compact,42,True
0.7,6883,0.4832195263693157,0.4832144505118565,margin,mnli_mismatched,compact,42,True
0.95,9341,0.4611925917995932,0.46144199825967025,entropy,mnli_mismatched,compact,42,True
0.9,8849,0.4643462538139903,0.46452908461743375,entropy,mnli_mismatched,compact,42,True
0.8,7866,0.47050597508263414,0.4705063546184145,entropy,mnli_mismatched,compact,42,True
0.7,6883,0.48045910213569665,0.47973567559124247,entropy,mnli_mismatched,compact,42,True
0.95,28500,0.4977894736842105,0.4703670899351401,max_softmax,hans,compact,42,False
0.9,27000,0.49774074074074076,0.4677513543455036,max_softmax,hans,compact,42,False
0.8,24000,0.495625,0.4608527895862117,max_softmax,hans,compact,42,False
0.7,21000,0.4966190476190476,0.4599654701058955,max_softmax,hans,compact,42,False
0.95,28500,0.4977894736842105,0.4703670899351401,margin,hans,compact,42,False
0.9,27000,0.49774074074074076,0.4677513543455036,margin,hans,compact,42,False
0.8,24000,0.495625,0.4608527895862117,margin,hans,compact,42,False
0.7,21000,0.4966190476190476,0.4599654701058955,margin,hans,compact,42,False
0.95,28500,0.4977894736842105,0.4703670899351401,entropy,hans,compact,42,False
0.9,27000,0.49774074074074076,0.4677513543455036,entropy,hans,compact,42,False
0.8,24000,0.495625,0.4608527895862117,entropy,hans,compact,42,False
0.7,21000,0.4966190476190476,0.4599654701058955,entropy,hans,compact,42,False
0.95,28500,0.4976842105263158,0.47508126741781465,max_softmax,hans,compact,42,True
0.9,27000,0.4978518518518519,0.473259383036868,max_softmax,hans,compact,42,True
0.8,24000,0.4967916666666667,0.46822055191910306,max_softmax,hans,compact,42,True
0.7,21000,0.4959047619047619,0.465120128082058,max_softmax,hans,compact,42,True
0.95,28500,0.4976842105263158,0.47508126741781465,margin,hans,compact,42,True
0.9,27000,0.4978518518518519,0.473259383036868,margin,hans,compact,42,True
0.8,24000,0.4967916666666667,0.46822055191910306,margin,hans,compact,42,True
0.7,21000,0.4959047619047619,0.465120128082058,margin,hans,compact,42,True
0.95,28500,0.4976842105263158,0.47508126741781465,entropy,hans,compact,42,True
0.9,27000,0.4978518518518519,0.473259383036868,entropy,hans,compact,42,True
0.8,24000,0.4967916666666667,0.46822055191910306,entropy,hans,compact,42,True
0.7,21000,0.4959047619047619,0.465120128082058,entropy,hans,compact,42,True
0.95,9333,0.7761705775206257,0.7745413176830661,max_softmax,snli_test,compact,73,False
0.9,8842,0.7925808640579054,0.7905520383950645,max_softmax,snli_test,compact,73,False
0.8,7860,0.8227735368956743,0.8201811478158709,max_softmax,snli_test,compact,73,False
0.7,6877,0.8492075032717755,0.8456707091945539,max_softmax,snli_test,compact,73,False
0.95,9333,0.7749919639987143,0.7730735179083524,margin,snli_test,compact,73,False
0.9,8842,0.792241574304456,0.7899615881235356,margin,snli_test,compact,73,False
0.8,7860,0.8223918575063613,0.8195826932157221,margin,snli_test,compact,73,False
0.7,6877,0.8496437400029082,0.8459212826530592,margin,snli_test,compact,73,False
0.95,9333,0.7750991106825244,0.7736651291157619,entropy,snli_test,compact,73,False
0.9,8842,0.7906582221216919,0.7889099242617635,entropy,snli_test,compact,73,False
0.8,7860,0.8180661577608143,0.8161382703081577,entropy,snli_test,compact,73,False
0.7,6877,0.8480442053220881,0.8449297519828566,entropy,snli_test,compact,73,False
0.95,9333,0.7762777242044359,0.7746821494610314,max_softmax,snli_test,compact,73,True
0.9,8842,0.7928070572268717,0.790797893117888,max_softmax,snli_test,compact,73,True
0.8,7860,0.8229007633587786,0.8203971789461585,max_softmax,snli_test,compact,73,True
0.7,6877,0.8484804420532209,0.845000646176907,max_softmax,snli_test,compact,73,True
0.95,9333,0.7749919639987143,0.7730707011661039,margin,snli_test,compact,73,True
0.9,8842,0.792241574304456,0.7899615881235356,margin,snli_test,compact,73,True
0.8,7860,0.822264631043257,0.8194658759652326,margin,snli_test,compact,73,True
0.7,6877,0.8496437400029082,0.8459016898854007,margin,snli_test,compact,73,True
0.95,9333,0.7749919639987143,0.7735465631398236,entropy,snli_test,compact,73,True
0.9,8842,0.789979642614793,0.7883133769075191,entropy,snli_test,compact,73,True
0.8,7860,0.8159033078880407,0.8140501156146568,entropy,snli_test,compact,73,True
0.7,6877,0.8444088992293151,0.8416306049328063,entropy,snli_test,compact,73,True
0.95,9325,0.4455764075067024,0.4434035398685206,max_softmax,mnli_matched,compact,73,False
0.9,8834,0.4500792393026941,0.4476877197975741,max_softmax,mnli_matched,compact,73,False
0.8,7852,0.4579724910850739,0.4551719654967343,max_softmax,mnli_matched,compact,73,False
0.7,6871,0.4690729151506331,0.4662328438105417,max_softmax,mnli_matched,compact,73,False
0.95,9325,0.4482573726541555,0.4462025937903597,margin,mnli_matched,compact,73,False
0.9,8834,0.4501924383065429,0.4479094103969792,margin,mnli_matched,compact,73,False
0.8,7852,0.4597554763117677,0.45718172430105136,margin,mnli_matched,compact,73,False
0.7,6871,0.46892737592781253,0.466219740800665,margin,mnli_matched,compact,73,False
0.95,9325,0.44536193029490617,0.44321465638649854,entropy,mnli_matched,compact,73,False
0.9,8834,0.4489472492642065,0.446472234601263,entropy,mnli_matched,compact,73,False
0.8,7852,0.4602649006622517,0.45748410796631056,entropy,mnli_matched,compact,73,False
0.7,6871,0.46834521903653037,0.4658065370879898,entropy,mnli_matched,compact,73,False
0.95,9325,0.44589812332439677,0.4436789748209213,max_softmax,mnli_matched,compact,73,True
0.9,8834,0.44940004527960153,0.44702266895402193,max_softmax,mnli_matched,compact,73,True
0.8,7852,0.4575904228222109,0.4549332069207048,max_softmax,mnli_matched,compact,73,True
0.7,6871,0.4699461504875564,0.46727351646207405,max_softmax,mnli_matched,compact,73,True
0.95,9325,0.4482573726541555,0.44620418391498123,margin,mnli_matched,compact,73,True
0.9,8834,0.4500792393026941,0.44781947291510876,margin,mnli_matched,compact,73,True
0.8,7852,0.45962812022414673,0.4570050242635177,margin,mnli_matched,compact,73,True
0.7,6871,0.46921845437345366,0.46656960313654566,margin,mnli_matched,compact,73,True
0.95,9325,0.44525469168900805,0.4431184166501018,entropy,mnli_matched,compact,73,True
0.9,8834,0.44906044826805525,0.4465701486893248,entropy,mnli_matched,compact,73,True
0.8,7852,0.46051961283749365,0.4577241363136762,entropy,mnli_matched,compact,73,True
0.7,6871,0.467471983699607,0.4648673825967786,entropy,mnli_matched,compact,73,True
0.95,9341,0.4606573172037255,0.4595142010133149,max_softmax,mnli_mismatched,compact,73,False
0.9,8849,0.4646852751723359,0.4635480171060398,max_softmax,mnli_mismatched,compact,73,False
0.8,7866,0.47495550470378844,0.47333145629472123,max_softmax,mnli_mismatched,compact,73,False
0.7,6883,0.4848176667150952,0.48310440389555387,max_softmax,mnli_mismatched,compact,73,False
0.95,9341,0.4604432073653784,0.45937619122257595,margin,mnli_mismatched,compact,73,False
0.9,8849,0.46513730365012995,0.463423282698405,margin,mnli_mismatched,compact,73,False
0.8,7866,0.47393846936181033,0.4720070968458458,margin,mnli_mismatched,compact,73,False
0.7,6883,0.48074967310765654,0.47835049757211684,margin,mnli_mismatched,compact,73,False
0.95,9341,0.4604432073653784,0.45939460454625086,entropy,mnli_mismatched,compact,73,False
0.9,8849,0.46592835348626965,0.46498402563167995,entropy,mnli_mismatched,compact,73,False
0.8,7866,0.47419272819730485,0.4730088830596931,entropy,mnli_mismatched,compact,73,False
0.7,6883,0.4800232456777568,0.4785507084869319,entropy,mnli_mismatched,compact,73,False
0.95,9341,0.46087142704207257,0.45971109803143273,max_softmax,mnli_mismatched,compact,73,True
0.9,8849,0.4657023392473726,0.46447927130644856,max_softmax,mnli_mismatched,compact,73,True
0.8,7866,0.47470124586829393,0.47311184220732166,max_softmax,mnli_mismatched,compact,73,True
0.7,6883,0.4846723812291152,0.4826626852935987,max_softmax,mnli_mismatched,compact,73,True
0.95,9341,0.4604432073653784,0.45937619122257595,margin,mnli_mismatched,compact,73,True
0.9,8849,0.4647982822917844,0.46311106523909645,margin,mnli_mismatched,compact,73,True
0.8,7866,0.47393846936181033,0.47201830109409854,margin,mnli_mismatched,compact,73,True
0.7,6883,0.4806043876216766,0.4781996590625653,margin,mnli_mismatched,compact,73,True
0.95,9341,0.4603361524462049,0.45927050035459155,entropy,mnli_mismatched,compact,73,True
0.9,8849,0.46604136060571816,0.46513126228682683,entropy,mnli_mismatched,compact,73,True
0.8,7866,0.47457411645054665,0.4734794217429434,entropy,mnli_mismatched,compact,73,True
0.7,6883,0.4817666715095162,0.4803871048264674,entropy,mnli_mismatched,compact,73,True
0.95,28500,0.4889122807017544,0.4884200958010272,max_softmax,hans,compact,73,False
0.9,27000,0.4885925925925926,0.4881181476302653,max_softmax,hans,compact,73,False
0.8,24000,0.4885,0.48816281303538744,max_softmax,hans,compact,73,False
0.7,21000,0.48695238095238097,0.48687250992419784,max_softmax,hans,compact,73,False
0.95,28500,0.4889122807017544,0.4884200958010272,margin,hans,compact,73,False
0.9,27000,0.4885925925925926,0.4881181476302653,margin,hans,compact,73,False
0.8,24000,0.4885,0.48816281303538744,margin,hans,compact,73,False
0.7,21000,0.48695238095238097,0.48687250992419784,margin,hans,compact,73,False
0.95,28500,0.4889122807017544,0.4884200958010272,entropy,hans,compact,73,False
0.9,27000,0.4885925925925926,0.4881181476302653,entropy,hans,compact,73,False
0.8,24000,0.4885,0.48816281303538744,entropy,hans,compact,73,False
0.7,21000,0.48695238095238097,0.48687250992419784,entropy,hans,compact,73,False
0.95,28500,0.48919298245614035,0.48906897765709995,max_softmax,hans,compact,73,True
0.9,27000,0.4885185185185185,0.488405108668287,max_softmax,hans,compact,73,True
0.8,24000,0.488,0.48797246429696883,max_softmax,hans,compact,73,True
0.7,21000,0.48638095238095236,0.48635877146585893,max_softmax,hans,compact,73,True
0.95,28500,0.48919298245614035,0.48906897765709995,margin,hans,compact,73,True
0.9,27000,0.4885185185185185,0.488405108668287,margin,hans,compact,73,True
0.8,24000,0.488,0.48797246429696883,margin,hans,compact,73,True
0.7,21000,0.48638095238095236,0.48635877146585893,margin,hans,compact,73,True
0.95,28500,0.48919298245614035,0.48906897765709995,entropy,hans,compact,73,True
0.9,27000,0.4885185185185185,0.488405108668287,entropy,hans,compact,73,True
0.8,24000,0.488,0.48797246429696883,entropy,hans,compact,73,True
0.7,21000,0.48638095238095236,0.48635877146585893,entropy,hans,compact,73,True
0.95,9333,0.9266045215900568,0.925972755747615,max_softmax,snli_test,bert,17,False
0.9,8842,0.9440171906808414,0.9431884600385668,max_softmax,snli_test,bert,17,False
0.8,7860,0.962468193384224,0.9613230918004501,max_softmax,snli_test,bert,17,False
0.7,6877,0.9703359022829722,0.9689381287030424,max_softmax,snli_test,bert,17,False
0.95,9333,0.9264973749062466,0.9258709726297369,margin,snli_test,bert,17,False
0.9,8842,0.9439040940963583,0.9431059563349399,margin,snli_test,bert,17,False
0.8,7860,0.962086513994911,0.960965289643439,margin,snli_test,bert,17,False
0.7,6877,0.9709175512578159,0.9695551712238738,margin,snli_test,bert,17,False
0.95,9333,0.9275688417443481,0.9269848478958024,entropy,snli_test,bert,17,False
0.9,8842,0.9439040940963583,0.9430521595257622,entropy,snli_test,bert,17,False
0.8,7860,0.9629770992366412,0.9618012391964624,entropy,snli_test,bert,17,False
0.7,6877,0.9700450777955504,0.9685984209906465,entropy,snli_test,bert,17,False
0.95,9333,0.9269259616414872,0.9263165824406263,max_softmax,snli_test,bert,17,True
0.9,8842,0.9437909975118751,0.9429404857169281,max_softmax,snli_test,bert,17,True
0.8,7860,0.9622137404580152,0.9610309203375808,max_softmax,snli_test,bert,17,True
0.7,6877,0.9700450777955504,0.9685980901033245,max_softmax,snli_test,bert,17,True
0.95,9333,0.9263902282224366,0.9257647561706525,margin,snli_test,bert,17,True
0.9,8842,0.9437909975118751,0.9429761068875034,margin,snli_test,bert,17,True
0.8,7860,0.9622137404580152,0.9610837082829984,margin,snli_test,bert,17,True
0.7,6877,0.970772139014105,0.9693863445071278,margin,snli_test,bert,17,True
0.95,9333,0.9277831351119683,0.9272157139481702,entropy,snli_test,bert,17,True
0.9,8842,0.9435648043429088,0.9426761476471079,entropy,snli_test,bert,17,True
0.8,7860,0.9627226463104326,0.961430693057623,entropy,snli_test,bert,17,True
0.7,6877,0.9706267267703941,0.9691379729005817,entropy,snli_test,bert,17,True
0.95,9325,0.7647184986595175,0.7614347493490673,max_softmax,mnli_matched,bert,17,False
0.9,8834,0.7822051165949739,0.7782332785737309,max_softmax,mnli_matched,bert,17,False
0.8,7852,0.814951604686704,0.8089552801138513,max_softmax,mnli_matched,bert,17,False
0.7,6871,0.8457284238102168,0.8376669622532925,max_softmax,mnli_matched,bert,17,False
0.95,9325,0.7640750670241286,0.7607166607811523,margin,mnli_matched,bert,17,False
0.9,8834,0.7818655195834276,0.7778165847113304,margin,mnli_matched,bert,17,False
0.8,7852,0.8135506877228732,0.807651826704122,margin,mnli_matched,bert,17,False
0.7,6871,0.846019502255858,0.8380641930686553,margin,mnli_matched,bert,17,False
0.95,9325,0.7656836461126005,0.7626069263841315,entropy,mnli_matched,bert,17,False
0.9,8834,0.7822051165949739,0.7782729723898187,entropy,mnli_matched,bert,17,False
0.8,7852,0.814696892511462,0.8085451448059328,entropy,mnli_matched,bert,17,False
0.7,6871,0.8450007276961141,0.8368628222077543,entropy,mnli_matched,bert,17,False
0.95,9325,0.7652546916890081,0.7620844805185844,max_softmax,mnli_matched,bert,17,True
0.9,8834,0.7824315146026715,0.7785298869036238,max_softmax,mnli_matched,bert,17,True
0.8,7852,0.8160978094752929,0.8101444187723946,max_softmax,mnli_matched,bert,17,True
0.7,6871,0.8454373453645757,0.8374754900431985,max_softmax,mnli_matched,bert,17,True
0.95,9325,0.7639678284182305,0.7606015483372105,margin,mnli_matched,bert,17,True
0.9,8834,0.7817523205795789,0.7777087224442786,margin,mnli_matched,bert,17,True
0.8,7852,0.8136780438104941,0.8077994040238518,margin,mnli_matched,bert,17,True
0.7,6871,0.846310580701499,0.8383172673945575,margin,mnli_matched,bert,17,True
0.95,9325,0.7653619302949062,0.7622898332806715,entropy,mnli_matched,bert,17,True
0.9,8834,0.7819787185872764,0.7780262350327861,entropy,mnli_matched,bert,17,True
0.8,7852,0.8140601120733572,0.807878788363961,entropy,mnli_matched,bert,17,True
0.7,6871,0.844709649250473,0.8363345139097885,entropy,mnli_matched,bert,17,True
0.95,9341,0.7601969810512793,0.7551057548292951,max_softmax,mnli_mismatched,bert,17,False
0.9,8849,0.7763589106113685,0.770207817868236,max_softmax,mnli_mismatched,bert,17,False
0.8,7866,0.8090516145436054,0.800272669047929,max_softmax,mnli_mismatched,bert,17,False
0.7,6883,0.8403312509080343,0.8285736659788147,max_softmax,mnli_mismatched,bert,17,False
0.95,9341,0.7605181458088,0.7553075998016251,margin,mnli_mismatched,bert,17,False
0.9,8849,0.77624590349192,0.7699573598848254,margin,mnli_mismatched,bert,17,False
0.8,7866,0.8090516145436054,0.8003785244552933,margin,mnli_mismatched,bert,17,False
0.7,6883,0.8390236815342147,0.8275659684330869,margin,mnli_mismatched,bert,17,False
0.95,9341,0.7608393105663205,0.7562298020054024,entropy,mnli_mismatched,bert,17,False
0.9,8849,0.7769239462086112,0.7710089995393173,entropy,mnli_mismatched,bert,17,False
0.8,7866,0.8087973557081108,0.7997308378387903,entropy,mnli_mismatched,bert,17,False
0.7,6883,0.8416388202818539,0.8294969362057559,entropy,mnli_mismatched,bert,17,False
0.95,9341,0.7604110908896263,0.7554654464112107,max_softmax,mnli_mismatched,bert,17,True
0.9,8849,0.7768109390891627,0.7707248165970073,max_softmax,mnli_mismatched,bert,17,True
0.8,7866,0.8090516145436054,0.8002851939851482,max_softmax,mnli_mismatched,bert,17,True
0.7,6883,0.8397501089641145,0.8277123892903981,max_softmax,mnli_mismatched,bert,17,True
0.95,9341,0.7605181458088,0.7553075998016251,margin,mnli_mismatched,bert,17,True
0.9,8849,0.7763589106113685,0.7701008453924274,margin,mnli_mismatched,bert,17,True
0.8,7866,0.8087973557081108,0.8001395075758578,margin,mnli_mismatched,bert,17,True
0.7,6883,0.8391689670201947,0.827648999361947,margin,mnli_mismatched,bert,17,True
0.95,9341,0.760732255647147,0.7561086680635875,entropy,mnli_mismatched,bert,17,True
0.9,8849,0.7772629675669567,0.7714866359721185,entropy,mnli_mismatched,bert,17,True
0.8,7866,0.8075260615306382,0.7982772528682501,entropy,mnli_mismatched,bert,17,True
0.7,6883,0.8423652477117536,0.8299174563654361,entropy,mnli_mismatched,bert,17,True
0.95,28500,0.6164912280701754,0.5337491104928979,max_softmax,hans,bert,17,False
0.9,27000,0.6271851851851852,0.5301922272343594,max_softmax,hans,bert,17,False
0.8,24000,0.66175,0.5409395098740417,max_softmax,hans,bert,17,False
0.7,21000,0.6984761904761905,0.561872833046136,max_softmax,hans,bert,17,False
0.95,28500,0.6164912280701754,0.5337491104928979,margin,hans,bert,17,False
0.9,27000,0.6271851851851852,0.5301922272343594,margin,hans,bert,17,False
0.8,24000,0.66175,0.5409395098740417,margin,hans,bert,17,False
0.7,21000,0.6984761904761905,0.561872833046136,margin,hans,bert,17,False
0.95,28500,0.6164912280701754,0.5337491104928979,entropy,hans,bert,17,False
0.9,27000,0.6271851851851852,0.5301922272343594,entropy,hans,bert,17,False
0.8,24000,0.66175,0.5409395098740417,entropy,hans,bert,17,False
0.7,21000,0.6984761904761905,0.561872833046136,entropy,hans,bert,17,False
0.95,28500,0.6191578947368421,0.5388387767220566,max_softmax,hans,bert,17,True
0.9,27000,0.6298888888888889,0.5352689536175659,max_softmax,hans,bert,17,True
0.8,24000,0.6637916666666667,0.5466170451412081,max_softmax,hans,bert,17,True
0.7,21000,0.7005238095238095,0.5679406894637262,max_softmax,hans,bert,17,True
0.95,28500,0.6191578947368421,0.5388387767220566,margin,hans,bert,17,True
0.9,27000,0.6298888888888889,0.5352689536175659,margin,hans,bert,17,True
0.8,24000,0.6637916666666667,0.5466170451412081,margin,hans,bert,17,True
0.7,21000,0.7005238095238095,0.5679406894637262,margin,hans,bert,17,True
0.95,28500,0.6191578947368421,0.5388387767220566,entropy,hans,bert,17,True
0.9,27000,0.6298888888888889,0.5352689536175659,entropy,hans,bert,17,True
0.8,24000,0.6637916666666667,0.5466170451412081,entropy,hans,bert,17,True
0.7,21000,0.7005238095238095,0.5679406894637262,entropy,hans,bert,17,True
0.95,9333,0.9218900675024108,0.9213554215490419,max_softmax,snli_test,bert,42,False
0.9,8842,0.9389278443790997,0.9381829378776606,max_softmax,snli_test,bert,42,False
0.8,7860,0.9586513994910941,0.9576154949878825,max_softmax,snli_test,bert,42,False
0.7,6877,0.968881779845863,0.9675571755328575,max_softmax,snli_test,bert,42,False
0.95,9333,0.9217829208186007,0.9212505502785264,margin,snli_test,bert,42,False
0.9,8842,0.9383623614566841,0.9375897459466355,margin,snli_test,bert,42,False
0.8,7860,0.9583969465648855,0.9573849682467354,margin,snli_test,bert,42,False
0.7,6877,0.9687363676021521,0.9674528175365548,margin,snli_test,bert,42,False
0.95,9333,0.9227472409728918,0.9222175483838337,entropy,snli_test,bert,42,False
0.9,8842,0.9393802307170324,0.9386506176991913,entropy,snli_test,bert,42,False
0.8,7860,0.9586513994910941,0.9575980368189781,entropy,snli_test,bert,42,False
0.7,6877,0.9685909553584412,0.9672028330163321,entropy,snli_test,bert,42,False
0.95,9333,0.9224258009214615,0.9218982182442179,max_softmax,snli_test,bert,42,True
0.9,8842,0.9393802307170324,0.9386471833529981,max_softmax,snli_test,bert,42,True
0.8,7860,0.9587786259541985,0.9577332502214803,max_softmax,snli_test,bert,42,True
0.7,6877,0.9687363676021521,0.967360656122489,max_softmax,snli_test,bert,42,True
0.95,9333,0.9217829208186007,0.921244909624992,margin,snli_test,bert,42,True
0.9,8842,0.9384754580411672,0.9377036807964161,margin,snli_test,bert,42,True
0.8,7860,0.9582697201017811,0.9572529606071895,margin,snli_test,bert,42,True
0.7,6877,0.9687363676021521,0.9674418797915831,margin,snli_test,bert,42,True
0.95,9333,0.9232829743919426,0.9227846992108444,entropy,snli_test,bert,42,True
0.9,8842,0.9399457136394481,0.9391870650300606,entropy,snli_test,bert,42,True
0.8,7860,0.9587786259541985,0.9576623752529972,entropy,snli_test,bert,42,True
0.7,6877,0.9685909553584412,0.9671436178619647,entropy,snli_test,bert,42,True
0.95,9325,0.7552815013404826,0.7530677084532442,max_softmax,mnli_matched,bert,42,False
0.9,8834,0.7694136291600634,0.7666752673610139,max_softmax,mnli_matched,bert,42,False
0.8,7852,0.7985226693835965,0.7946163877029555,max_softmax,mnli_matched,bert,42,False
0.7,6871,0.827244942512007,0.8213756506946911,max_softmax,mnli_matched,bert,42,False
0.95,9325,0.7522788203753351,0.7499453529119039,margin,mnli_matched,bert,42,False
0.9,8834,0.7669232510753905,0.7640950536407769,margin,mnli_matched,bert,42,False
0.8,7852,0.7986500254712176,0.7947149016175565,margin,mnli_matched,bert,42,False
0.7,6871,0.8270994032891864,0.821300366848476,margin,mnli_matched,bert,42,False
0.95,9325,0.7550670241286863,0.752960554164793,entropy,mnli_matched,bert,42,False
0.9,8834,0.7695268281639122,0.7671405942842439,entropy,mnli_matched,bert,42,False
0.8,7852,0.7971217524197657,0.7931139660092104,entropy,mnli_matched,bert,42,False
0.7,6871,0.8298646485227769,0.8242821534566215,entropy,mnli_matched,bert,42,False
0.95,9325,0.7550670241286863,0.7529251871982964,max_softmax,mnli_matched,bert,42,True
0.9,8834,0.7696400271677609,0.7669491303404743,max_softmax,mnli_matched,bert,42,True
0.8,7852,0.7987773815588385,0.7948232074674914,max_softmax,mnli_matched,bert,42,True
0.7,6871,0.8278270994032891,0.8219724424099809,max_softmax,mnli_matched,bert,42,True
0.95,9325,0.752171581769437,0.7498278875291255,margin,mnli_matched,bert,42,True
0.9,8834,0.7670364500792393,0.7642158360746447,margin,mnli_matched,bert,42,True
0.8,7852,0.7987773815588385,0.7948559629829265,margin,mnli_matched,bert,42,True
0.7,6871,0.827244942512007,0.8214673991690261,margin,mnli_matched,bert,42,True
0.95,9325,0.7554959785522788,0.7534124062102682,entropy,mnli_matched,bert,42,True
0.9,8834,0.7685080371292733,0.7661417074772564,entropy,mnli_matched,bert,42,True
0.8,7852,0.7982679572083545,0.7943356934097737,entropy,mnli_matched,bert,42,True
0.7,6871,0.8282637170717508,0.8225394467247605,entropy,mnli_matched,bert,42,True
0.95,9341,0.7458516218820255,0.7416317460337245,max_softmax,mnli_mismatched,bert,42,False
0.9,8849,0.7624590349191999,0.7573375906745632,max_softmax,mnli_mismatched,bert,42,False
0.8,7866,0.7955758962623951,0.7886174927537586,max_softmax,mnli_mismatched,bert,42,False
0.7,6883,0.826529129739939,0.8169467937897253,max_softmax,mnli_mismatched,bert,42,False
0.95,9341,0.7447810726902901,0.7403600803686671,margin,mnli_mismatched,bert,42,False
0.9,8849,0.7618939993219573,0.7567196788603828,margin,mnli_mismatched,bert,42,False
0.8,7866,0.7944317315026698,0.7872488660961449,margin,mnli_mismatched,bert,42,False
0.7,6883,0.8260932732819991,0.8167330608166181,margin,mnli_mismatched,bert,42,False
0.95,9341,0.7468151161545873,0.7427898557447081,entropy,mnli_mismatched,bert,42,False
0.9,8849,0.7621200135608543,0.7576147819613176,entropy,mnli_mismatched,bert,42,False
0.8,7866,0.7949402491736588,0.7880121467179245,entropy,mnli_mismatched,bert,42,False
0.7,6883,0.8288536975156182,0.8193134355193076,entropy,mnli_mismatched,bert,42,False
0.95,9341,0.7463868964778931,0.7423295582210833,max_softmax,mnli_mismatched,bert,42,True
0.9,8849,0.7623460277997514,0.757186132049685,max_softmax,mnli_mismatched,bert,42,True
0.8,7866,0.7955758962623951,0.788529059277666,max_softmax,mnli_mismatched,bert,42,True
0.7,6883,0.8278366991137586,0.8183813444892062,max_softmax,mnli_mismatched,bert,42,True
0.95,9341,0.7447810726902901,0.7403550908199085,margin,mnli_mismatched,bert,42,True
0.9,8849,0.7618939993219573,0.756718764256903,margin,mnli_mismatched,bert,42,True
0.8,7866,0.7941774726671752,0.7870375905874859,margin,mnli_mismatched,bert,42,True
0.7,6883,0.826383844253959,0.8170562755499747,margin,mnli_mismatched,bert,42,True
0.95,9341,0.7466010063162403,0.7425473054235233,entropy,mnli_mismatched,bert,42,True
0.9,8849,0.7618939993219573,0.7573948600910846,entropy,mnli_mismatched,bert,42,True
0.8,7866,0.7937960844139333,0.7870545728369026,entropy,mnli_mismatched,bert,42,True
0.7,6883,0.829144268487578,0.8194679698290933,entropy,mnli_mismatched,bert,42,True
0.95,28500,0.5708771929824561,0.4591383227402931,max_softmax,hans,bert,42,False
0.9,27000,0.5798518518518518,0.45059934408283187,max_softmax,hans,bert,42,False
0.8,24000,0.6072083333333333,0.4482137112722443,max_softmax,hans,bert,42,False
0.7,21000,0.6393809523809524,0.45634534255998466,max_softmax,hans,bert,42,False
0.95,28500,0.5708771929824561,0.4591383227402931,margin,hans,bert,42,False
0.9,27000,0.5798518518518518,0.45059934408283187,margin,hans,bert,42,False
0.8,24000,0.6072083333333333,0.4482137112722443,margin,hans,bert,42,False
0.7,21000,0.6393809523809524,0.45634534255998466,margin,hans,bert,42,False
0.95,28500,0.5708771929824561,0.4591383227402931,entropy,hans,bert,42,False
0.9,27000,0.5798518518518518,0.45059934408283187,entropy,hans,bert,42,False
0.8,24000,0.6072083333333333,0.4482137112722443,entropy,hans,bert,42,False
0.7,21000,0.6393809523809524,0.45634534255998466,entropy,hans,bert,42,False
0.95,28500,0.5738947368421052,0.4658044728055792,max_softmax,hans,bert,42,True
0.9,27000,0.5821481481481482,0.4563995785852007,max_softmax,hans,bert,42,True
0.8,24000,0.6095833333333334,0.45526544807163827,max_softmax,hans,bert,42,True
0.7,21000,0.6412380952380953,0.4636394361723403,max_softmax,hans,bert,42,True
0.95,28500,0.5738947368421052,0.4658044728055792,margin,hans,bert,42,True
0.9,27000,0.5821481481481482,0.4563995785852007,margin,hans,bert,42,True
0.8,24000,0.6095833333333334,0.45526544807163827,margin,hans,bert,42,True
0.7,21000,0.6412380952380953,0.4636394361723403,margin,hans,bert,42,True
0.95,28500,0.5738947368421052,0.4658044728055792,entropy,hans,bert,42,True
0.9,27000,0.5821481481481482,0.4563995785852007,entropy,hans,bert,42,True
0.8,24000,0.6095833333333334,0.45526544807163827,entropy,hans,bert,42,True
0.7,21000,0.6412380952380953,0.4636394361723403,entropy,hans,bert,42,True
0.95,9333,0.9270331083252973,0.926421155041333,max_softmax,snli_test,bert,73,False
0.9,8842,0.9428862248360099,0.9421062323989906,max_softmax,snli_test,bert,73,False
0.8,7860,0.961323155216285,0.960193524517555,max_softmax,snli_test,bert,73,False
0.7,6877,0.9712083757452378,0.9700921540966109,max_softmax,snli_test,bert,73,False
0.95,9333,0.9270331083252973,0.9264146877206727,margin,snli_test,bert,73,False
0.9,8842,0.9426600316670437,0.941868260623712,margin,snli_test,bert,73,False
0.8,7860,0.9608142493638677,0.9597220848718853,margin,snli_test,bert,73,False
0.7,6877,0.9709175512578159,0.9698026050008717,margin,snli_test,bert,73,False
0.95,9333,0.9272474016929176,0.926684285622788,entropy,snli_test,bert,73,False
0.9,8842,0.9431124180049762,0.9423120797216563,entropy,snli_test,bert,73,False
0.8,7860,0.962086513994911,0.9609210346301262,entropy,snli_test,bert,73,False
0.7,6877,0.9713537879889487,0.9702012233613733,entropy,snli_test,bert,73,False
0.95,9333,0.9273545483767277,0.9267472657335022,max_softmax,snli_test,bert,73,True
0.9,8842,0.9432255145894594,0.9424426765383586,max_softmax,snli_test,bert,73,True
0.8,7860,0.962086513994911,0.9609223169705826,max_softmax,snli_test,bert,73,True
0.7,6877,0.9713537879889487,0.970209406598368,max_softmax,snli_test,bert,73,True
0.95,9333,0.9270331083252973,0.9264139619679357,margin,snli_test,bert,73,True
0.9,8842,0.9426600316670437,0.941876472438402,margin,snli_test,bert,73,True
0.8,7860,0.9608142493638677,0.9597130833279665,margin,snli_test,bert,73,True
0.7,6877,0.9709175512578159,0.9697909861604734,margin,snli_test,bert,73,True
0.95,9333,0.9275688417443481,0.9270291257741893,entropy,snli_test,bert,73,True
0.9,8842,0.9441302872653246,0.9433269021314906,entropy,snli_test,bert,73,True
0.8,7860,0.9622137404580152,0.9610312438822798,entropy,snli_test,bert,73,True
0.7,6877,0.9716446124763705,0.970436139788355,entropy,snli_test,bert,73,True
0.95,9325,0.7666487935656836,0.7643487375327421,max_softmax,mnli_matched,bert,73,False
0.9,8834,0.7837899026488567,0.7809958034850547,max_softmax,mnli_matched,bert,73,False
0.8,7852,0.815206316861946,0.8112371091232883,max_softmax,mnli_matched,bert,73,False
0.7,6871,0.8438364139135497,0.8385252057272709,max_softmax,mnli_matched,bert,73,False
0.95,9325,0.7663270777479892,0.7639125902949179,margin,mnli_matched,bert,73,False
0.9,8834,0.7820919175911252,0.7791073609692973,margin,mnli_matched,bert,73,False
0.8,7852,0.8153336729495669,0.8114235814109246,margin,mnli_matched,bert,73,False
0.7,6871,0.8444185708048318,0.8390815092958258,margin,mnli_matched,bert,73,False
0.95,9325,0.7654691689008043,0.7634105826299509,entropy,mnli_matched,bert,73,False
0.9,8834,0.7829975096219153,0.7805332051154664,entropy,mnli_matched,bert,73,False
0.8,7852,0.8173713703515028,0.8133834064859022,entropy,mnli_matched,bert,73,False
0.7,6871,0.8432542570222675,0.8377177847138512,entropy,mnli_matched,bert,73,False
0.95,9325,0.7667560321715817,0.7644662049119614,max_softmax,mnli_matched,bert,73,True
0.9,8834,0.7834503056373104,0.7806472247757005,max_softmax,mnli_matched,bert,73,True
0.8,7852,0.8168619460010188,0.8129438264936301,max_softmax,mnli_matched,bert,73,True
0.7,6871,0.8438364139135497,0.8384177964874313,max_softmax,mnli_matched,bert,73,True
0.95,9325,0.7663270777479892,0.763897862070905,margin,mnli_matched,bert,73,True
0.9,8834,0.7817523205795789,0.7787711905592126,margin,mnli_matched,bert,73,True
0.8,7852,0.81571574121243,0.8117813810368887,margin,mnli_matched,bert,73,True
0.7,6871,0.8442730315820114,0.8389002264644173,margin,mnli_matched,bert,73,True
0.95,9325,0.7656836461126005,0.7636357237385774,entropy,mnli_matched,bert,73,True
0.9,8834,0.782657912610369,0.7803285602652056,entropy,mnli_matched,bert,73,True
0.8,7852,0.8178807947019867,0.8141064472502672,entropy,mnli_matched,bert,73,True
0.7,6871,0.8426721001309853,0.8369780619409557,entropy,mnli_matched,bert,73,True
0.95,9341,0.7702601434535917,0.7670146849119677,max_softmax,mnli_mismatched,bert,73,False
0.9,8849,0.7840433947338682,0.7801789516891753,max_softmax,mnli_mismatched,bert,73,False
0.8,7866,0.8119755911517925,0.8062277896608894,max_softmax,mnli_mismatched,bert,73,False
0.7,6883,0.8398953944500944,0.8324707157927159,max_softmax,mnli_mismatched,bert,73,False
0.95,9341,0.7684402098276416,0.7649664535123861,margin,mnli_mismatched,bert,73,False
0.9,8849,0.782913323539383,0.778888482871238,margin,mnli_mismatched,bert,73,False
0.8,7866,0.8115942028985508,0.8058851665524175,margin,mnli_mismatched,bert,73,False
0.7,6883,0.8401859654220544,0.8330661367284685,margin,mnli_mismatched,bert,73,False
0.95,9341,0.7712236377261535,0.7683737385362214,entropy,mnli_mismatched,bert,73,False
0.9,8849,0.7865295513617357,0.7832164397270266,entropy,mnli_mismatched,bert,73,False
0.8,7866,0.8145181795067379,0.8088503134053888,entropy,mnli_mismatched,bert,73,False
0.7,6883,0.8403312509080343,0.8327964655056842,entropy,mnli_mismatched,bert,73,False
0.95,9341,0.7705813082111123,0.7674186671462396,max_softmax,mnli_mismatched,bert,73,True
0.9,8849,0.785060458808905,0.7812044575726541,max_softmax,mnli_mismatched,bert,73,True
0.8,7866,0.8121027205695398,0.8063843964629962,max_softmax,mnli_mismatched,bert,73,True
0.7,6883,0.8398953944500944,0.8323274943687111,max_softmax,mnli_mismatched,bert,73,True
0.95,9341,0.7684402098276416,0.7649664535123861,margin,mnli_mismatched,bert,73,True
0.9,8849,0.7832523448977285,0.7792370097740055,margin,mnli_mismatched,bert,73,True
0.8,7866,0.8114670734808035,0.8057400909706911,margin,mnli_mismatched,bert,73,True
0.7,6883,0.8401859654220544,0.8330660679598122,margin,mnli_mismatched,bert,73,True
0.95,9341,0.77111658280698,0.7682208251880539,entropy,mnli_mismatched,bert,73,True
0.9,8849,0.7856254944061476,0.7823913143247333,entropy,mnli_mismatched,bert,73,True
0.8,7866,0.8155352148487159,0.8100612909263742,entropy,mnli_mismatched,bert,73,True
0.7,6883,0.8407671073659742,0.832941122443804,entropy,mnli_mismatched,bert,73,True
0.95,28500,0.5924912280701754,0.49278519545659694,max_softmax,hans,bert,73,False
0.9,27000,0.6061481481481481,0.4922922056811455,max_softmax,hans,bert,73,False
0.8,24000,0.6429166666666667,0.5103438388037443,max_softmax,hans,bert,73,False
0.7,21000,0.684952380952381,0.5400126000579202,max_softmax,hans,bert,73,False
0.95,28500,0.5924912280701754,0.49278519545659694,margin,hans,bert,73,False
0.9,27000,0.6061481481481481,0.4922922056811455,margin,hans,bert,73,False
0.8,24000,0.6429166666666667,0.5103438388037443,margin,hans,bert,73,False
0.7,21000,0.684952380952381,0.5400126000579202,margin,hans,bert,73,False
0.95,28500,0.5924912280701754,0.49278519545659694,entropy,hans,bert,73,False
0.9,27000,0.6061481481481481,0.4922922056811455,entropy,hans,bert,73,False
0.8,24000,0.6429166666666667,0.5103438388037443,entropy,hans,bert,73,False
0.7,21000,0.684952380952381,0.5400126000579202,entropy,hans,bert,73,False
0.95,28500,0.5946315789473684,0.4968674837713154,max_softmax,hans,bert,73,True
0.9,27000,0.6076296296296296,0.4961096340629,max_softmax,hans,bert,73,True
0.8,24000,0.6447916666666667,0.5152990833857922,max_softmax,hans,bert,73,True
0.7,21000,0.6863333333333334,0.545735343125904,max_softmax,hans,bert,73,True
0.95,28500,0.5946315789473684,0.4968674837713154,margin,hans,bert,73,True
0.9,27000,0.6076296296296296,0.4961096340629,margin,hans,bert,73,True
0.8,24000,0.6447916666666667,0.5152990833857922,margin,hans,bert,73,True
0.7,21000,0.6863333333333334,0.545735343125904,margin,hans,bert,73,True
0.95,28500,0.5946315789473684,0.4968674837713154,entropy,hans,bert,73,True
0.9,27000,0.6076296296296296,0.4961096340629,entropy,hans,bert,73,True
0.8,24000,0.6447916666666667,0.5152990833857922,entropy,hans,bert,73,True
0.7,21000,0.6863333333333334,0.545735343125904,entropy,hans,bert,73,True
