slice,value,n,accuracy,macro_f1,model_name,seed,split_name,calibrated
has_negation,False,9548,0.7422496857980729,0.7408713451586136,compact,17,snli_test,True
has_negation,True,276,0.7608695652173914,0.6793582748930621,compact,17,snli_test,True
lexical_overlap_bucket,low,3573,0.7534284914637559,0.7447305930877016,compact,17,snli_test,True
lexical_overlap_bucket,mid,3264,0.7340686274509803,0.7348530880598952,compact,17,snli_test,True
lexical_overlap_bucket,high,2987,0.7395379979912956,0.6855759124729374,compact,17,snli_test,True
premise_len_bucket,short,3422,0.7577440093512565,0.7557353393344557,compact,17,snli_test,True
premise_len_bucket,mid,3427,0.752553253574555,0.7506380644386627,compact,17,snli_test,True
premise_len_bucket,long,2975,0.7142857142857143,0.7139158629720591,compact,17,snli_test,True
hypothesis_len_bucket,short,4324,0.7722016651248844,0.7512224205125516,compact,17,snli_test,True
hypothesis_len_bucket,mid,2683,0.7379798732761834,0.7347995872634608,compact,17,snli_test,True
hypothesis_len_bucket,long,2817,0.7021654242101526,0.6938485207492526,compact,17,snli_test,True
has_negation,False,6537,0.41639895976747743,0.40032494387333095,compact,17,mnli_matched,True
has_negation,True,3278,0.4429530201342282,0.39405041069552577,compact,17,mnli_matched,True
lexical_overlap_bucket,low,3312,0.4993961352657005,0.4676198921933608,compact,17,mnli_matched,True
lexical_overlap_bucket,mid,3232,0.4279084158415842,0.4177808921104171,compact,17,mnli_matched,True
lexical_overlap_bucket,high,3271,0.34760012228676246,0.34882846608553625,compact,17,mnli_matched,True
premise_len_bucket,short,3568,0.4789798206278027,0.4791677952027292,compact,17,mnli_matched,True
premise_len_bucket,mid,3115,0.43788121990369183,0.4289476884928051,compact,17,mnli_matched,True
premise_len_bucket,long,3132,0.35153256704980845,0.31149398663725075,compact,17,mnli_matched,True
hypothesis_len_bucket,short,3998,0.45372686343171587,0.45192467617485166,compact,17,mnli_matched,True
hypothesis_len_bucket,mid,2909,0.42282571330354074,0.40751538479957256,compact,17,mnli_matched,True
hypothesis_len_bucket,long,2908,0.3885832187070151,0.3511469002941527,compact,17,mnli_matched,True
has_negation,False,6615,0.4069538926681784,0.3868018856994581,compact,17,mnli_mismatched,True
has_negation,True,3217,0.47031395710289087,0.39695408629524137,compact,17,mnli_mismatched,True
lexical_overlap_bucket,low,3310,0.49154078549848945,0.4551620013475289,compact,17,mnli_mismatched,True
lexical_overlap_bucket,mid,3447,0.4470554105018857,0.4340536594259345,compact,17,mnli_mismatched,True
lexical_overlap_bucket,high,3075,0.33723577235772356,0.3414423704866096,compact,17,mnli_mismatched,True
premise_len_bucket,short,3555,0.48579465541490857,0.4857211901782079,compact,17,mnli_mismatched,True
premise_len_bucket,mid,3029,0.4272036975899637,0.41648385736882737,compact,17,mnli_mismatched,True
premise_len_bucket,long,3248,0.3645320197044335,0.3344647490275199,compact,17,mnli_mismatched,True
hypothesis_len_bucket,short,4208,0.45175855513307983,0.4491073670635665,compact,17,mnli_mismatched,True
hypothesis_len_bucket,mid,2754,0.4382716049382716,0.4191930532887975,compact,17,mnli_mismatched,True
hypothesis_len_bucket,long,2870,0.3822299651567944,0.3518353702966824,compact,17,mnli_mismatched,True
heuristic,constituent,10000,0.4923,0.4922579538811609,compact,17,hans,True
heuristic,lexical_overlap,10000,0.4841,0.4823162221836159,compact,17,hans,True
heuristic,subsequence,10000,0.5073,0.504594486455375,compact,17,hans,True
subcase,ce_adverb,1000,0.618,0.3819530284301607,compact,17,hans,True
subcase,ce_after_since_clause,1000,0.447,0.308914996544575,compact,17,hans,True
subcase,ce_conjunction,1000,0.483,0.3256911665542819,compact,17,hans,True
subcase,ce_embedded_under_since,1000,0.448,0.30939226519337015,compact,17,hans,True
subcase,ce_embedded_under_verb,1000,0.511,0.3381866313699537,compact,17,hans,True
subcase,cn_adverb,1000,0.344,0.25595238095238093,compact,17,hans,True
subcase,cn_after_if_clause,1000,0.472,0.32065217391304346,compact,17,hans,True
subcase,cn_disjunction,1000,0.536,0.3489583333333333,compact,17,hans,True
subcase,cn_embedded_under_if,1000,0.62,0.38271604938271603,compact,17,hans,True
subcase,cn_embedded_under_verb,1000,0.444,0.3074792243767313,compact,17,hans,True
subcase,le_around_prepositional_phrase,1000,0.394,0.28263988522238165,compact,17,hans,True
subcase,le_around_relative_clause,1000,0.43,0.3006993006993007,compact,17,hans,True
subcase,le_conjunction,1000,0.468,0.3188010899182561,compact,17,hans,True
subcase,le_passive,1000,0.459,0.3145990404386566,compact,17,hans,True
subcase,le_relative_clause,1000,0.376,0.27325581395348836,compact,17,hans,True
subcase,ln_conjunction,1000,0.603,0.37616968184653776,compact,17,hans,True
subcase,ln_passive,1000,0.523,0.3434011818778726,compact,17,hans,True
subcase,ln_preposition,1000,0.64,0.3902439024390244,compact,17,hans,True
subcase,ln_relative_clause,1000,0.596,0.37343358395989973,compact,17,hans,True
subcase,ln_subject/object_swap,1000,0.352,0.2603550295857988,compact,17,hans,True
subcase,se_PP_on_obj,1000,0.362,0.2657856093979442,compact,17,hans,True
subcase,se_adjective,1000,0.815,0.4490358126721763,compact,17,hans,True
subcase,se_conjunction,1000,0.523,0.3434011818778726,compact,17,hans,True
subcase,se_relative_clause_on_obj,1000,0.379,0.27483683828861494,compact,17,hans,True
subcase,se_understood_object,1000,0.827,0.4526546250684182,compact,17,hans,True
subcase,sn_NP/S,1000,0.552,0.3556701030927835,compact,17,hans,True
subcase,sn_NP/Z,1000,0.51,0.33774834437086093,compact,17,hans,True
subcase,sn_PP_on_subject,1000,0.43,0.3006993006993007,compact,17,hans,True
subcase,sn_past_participle,1000,0.271,0.21321793863099922,compact,17,hans,True
subcase,sn_relative_clause_on_subject,1000,0.404,0.28774928774928776,compact,17,hans,True
template,temp1,1000,0.352,0.2603550295857988,compact,17,hans,True
template,temp10,82,0.6219512195121951,0.38345864661654133,compact,17,hans,True
template,temp11,84,0.6309523809523809,0.38686131386861317,compact,17,hans,True
template,temp12,81,0.5432098765432098,0.352,compact,17,hans,True
template,temp13,76,0.5526315789473685,0.3559322033898305,compact,17,hans,True
template,temp14,81,0.5802469135802469,0.3671875,compact,17,hans,True
template,temp15,100,0.64,0.3902439024390244,compact,17,hans,True
template,temp16,80,0.5875,0.3700787401574803,compact,17,hans,True
template,temp17,68,0.6029411764705882,0.3761467889908257,compact,17,hans,True
template,temp18,92,0.5760869565217391,0.36551724137931035,compact,17,hans,True
template,temp19,86,0.6162790697674418,0.381294964028777,compact,17,hans,True
template,temp2,177,0.6440677966101694,0.3917525773195876,compact,17,hans,True
template,temp20,505,0.500990099009901,0.3337730870712401,compact,17,hans,True
template,temp21,495,0.5454545454545454,0.35294117647058826,compact,17,hans,True
template,temp22,236,0.614406779661017,0.3805774278215223,compact,17,hans,True
template,temp23,245,0.6693877551020408,0.40097799511002447,compact,17,hans,True
template,temp24,291,0.5807560137457045,0.3673913043478261,compact,17,hans,True
template,temp25,228,0.5482456140350878,0.35410764872521244,compact,17,hans,True
template,temp26,266,0.31954887218045114,0.24216524216524216,compact,17,hans,True
template,temp27,225,0.4,0.2857142857142857,compact,17,hans,True
template,temp28,256,0.37109375,0.2706552706552707,compact,17,hans,True
template,temp29,253,0.4189723320158103,0.29526462395543174,compact,17,hans,True
template,temp3,173,0.6473988439306358,0.3929824561403509,compact,17,hans,True
template,temp30,1000,0.394,0.28263988522238165,compact,17,hans,True
template,temp31,1000,0.43,0.3006993006993007,compact,17,hans,True
template,temp32,492,0.4715447154471545,0.32044198895027626,compact,17,hans,True
template,temp33,508,0.4645669291338583,0.3172043010752688,compact,17,hans,True
template,temp35,510,0.515686274509804,0.34023285899094435,compact,17,hans,True
template,temp36,490,0.4,0.2857142857142857,compact,17,hans,True
template,temp37,1000,0.552,0.3556701030927835,compact,17,hans,True
template,temp38,1000,0.43,0.3006993006993007,compact,17,hans,True
template,temp39,1000,0.404,0.28774928774928776,compact,17,hans,True
template,temp4,152,0.6052631578947368,0.3770491803278688,compact,17,hans,True
template,temp40,595,0.29747899159663865,0.22927461139896374,compact,17,hans,True
template,temp41,405,0.23209876543209876,0.18837675350701402,compact,17,hans,True
template,temp42,850,0.4964705882352941,0.33176100628930816,compact,17,hans,True
template,temp43,150,0.5866666666666667,0.3697478991596639,compact,17,hans,True
template,temp44,617,0.5996758508914101,0.37487335359675783,compact,17,hans,True
template,temp45,383,0.39947780678851175,0.28544776119402987,compact,17,hans,True
template,temp46,1000,0.815,0.4490358126721763,compact,17,hans,True
template,temp47,1000,0.827,0.4526546250684182,compact,17,hans,True
template,temp48,1000,0.379,0.27483683828861494,compact,17,hans,True
template,temp49,1000,0.362,0.2657856093979442,compact,17,hans,True
template,temp5,157,0.6878980891719745,0.4075471698113208,compact,17,hans,True
template,temp50,1000,0.62,0.38271604938271603,compact,17,hans,True
template,temp51,1000,0.472,0.32065217391304346,compact,17,hans,True
template,temp52,1000,0.444,0.3074792243767313,compact,17,hans,True
template,temp53,471,0.5562632696390658,0.35743519781718963,compact,17,hans,True
template,temp54,529,0.5179584120982986,0.3412204234122042,compact,17,hans,True
template,temp58,1000,0.344,0.25595238095238093,compact,17,hans,True
template,temp59,1000,0.448,0.30939226519337015,compact,17,hans,True
template,temp6,147,0.5986394557823129,0.37446808510638296,compact,17,hans,True
template,temp60,1000,0.447,0.308914996544575,compact,17,hans,True
template,temp61,1000,0.511,0.3381866313699537,compact,17,hans,True
template,temp62,480,0.48125,0.32489451476793246,compact,17,hans,True
template,temp63,520,0.4846153846153846,0.32642487046632124,compact,17,hans,True
template,temp68,1000,0.618,0.3819530284301607,compact,17,hans,True
template,temp7,194,0.6494845360824743,0.39375,compact,17,hans,True
template,temp8,69,0.5797101449275363,0.3669724770642202,compact,17,hans,True
template,temp9,101,0.6039603960396039,0.3765432098765432,compact,17,hans,True
has_negation,False,29510,0.4935615045747204,0.4934848624986913,compact,17,hans,True
has_negation,True,490,0.5551020408163265,0.5267168808152415,compact,17,hans,True
lexical_overlap_bucket,all,30000,0.49456666666666665,0.49453350300979915,compact,17,hans,True
has_negation,False,9548,0.7532467532467533,0.7513539421394934,compact,42,snli_test,True
has_negation,True,276,0.7717391304347826,0.7103311322048803,compact,42,snli_test,True
lexical_overlap_bucket,low,3573,0.76042541281836,0.7530029486257019,compact,42,snli_test,True
lexical_overlap_bucket,mid,3264,0.7356004901960784,0.7358632942366076,compact,42,snli_test,True
lexical_overlap_bucket,high,2987,0.7656511550050218,0.7007047449028385,compact,42,snli_test,True
premise_len_bucket,short,3422,0.7597895967270601,0.7575634367599179,compact,42,snli_test,True
premise_len_bucket,mid,3427,0.7630580682812956,0.7613609963299542,compact,42,snli_test,True
premise_len_bucket,long,2975,0.7361344537815127,0.73472650347792,compact,42,snli_test,True
hypothesis_len_bucket,short,4324,0.7809898242368177,0.7614046413416987,compact,42,snli_test,True
hypothesis_len_bucket,mid,2683,0.7439433469996273,0.7408380825979645,compact,42,snli_test,True
hypothesis_len_bucket,long,2817,0.721334753283635,0.7142396904017718,compact,42,snli_test,True
has_negation,False,6537,0.44944163989597674,0.4280848120062198,compact,42,mnli_matched,True
has_negation,True,3278,0.45729103111653446,0.4262800980104517,compact,42,mnli_matched,True
lexical_overlap_bucket,low,3312,0.5003019323671497,0.4711890661591763,compact,42,mnli_matched,True
lexical_overlap_bucket,mid,3232,0.44801980198019803,0.44532854291929125,compact,42,mnli_matched,True
lexical_overlap_bucket,high,3271,0.4072149189850199,0.39340955202077504,compact,42,mnli_matched,True
premise_len_bucket,short,3568,0.4882286995515695,0.4867834034698674,compact,42,mnli_matched,True
premise_len_bucket,mid,3115,0.47383627608346707,0.4726650928402106,compact,42,mnli_matched,True
premise_len_bucket,long,3132,0.3892081736909323,0.3722734673398607,compact,42,mnli_matched,True
hypothesis_len_bucket,short,3998,0.46773386693346675,0.4658851538861755,compact,42,mnli_matched,True
hypothesis_len_bucket,mid,2909,0.46029563423856995,0.454858198605464,compact,42,mnli_matched,True
hypothesis_len_bucket,long,2908,0.422283356258597,0.4030015377591772,compact,42,mnli_matched,True
has_negation,False,6615,0.4482237339380197,0.4212261972203959,compact,42,mnli_mismatched,True
has_negation,True,3217,0.4771526266708113,0.42994594777311484,compact,42,mnli_mismatched,True
lexical_overlap_bucket,low,3310,0.49667673716012084,0.46757114366971325,compact,42,mnli_mismatched,True
lexical_overlap_bucket,mid,3447,0.46069045546852333,0.4582256756989271,compact,42,mnli_mismatched,True
lexical_overlap_bucket,high,3075,0.41235772357723577,0.39478644901192633,compact,42,mnli_mismatched,True
premise_len_bucket,short,3555,0.5068917018284107,0.5071589418964323,compact,42,mnli_mismatched,True
premise_len_bucket,mid,3029,0.466160448993067,0.46792740115330705,compact,42,mnli_mismatched,True
premise_len_bucket,long,3248,0.395935960591133,0.38208285282641735,compact,42,mnli_mismatched,True
hypothesis_len_bucket,short,4208,0.4866920152091255,0.4865944298221607,compact,42,mnli_mismatched,True
hypothesis_len_bucket,mid,2754,0.4553376906318083,0.4522652890182781,compact,42,mnli_mismatched,True
hypothesis_len_bucket,long,2870,0.41742160278745644,0.3988376931825722,compact,42,mnli_mismatched,True
heuristic,constituent,10000,0.4866,0.4705329845575077,compact,42,hans,True
heuristic,lexical_overlap,10000,0.4942,0.47529811843025627,compact,42,hans,True
heuristic,subsequence,10000,0.5135,0.48452165819072995,compact,42,hans,True
subcase,ce_adverb,1000,0.797,0.44351697273233165,compact,42,hans,True
subcase,ce_after_since_clause,1000,0.541,0.3510707332900714,compact,42,hans,True
subcase,ce_conjunction,1000,0.605,0.37694704049844235,compact,42,hans,True
subcase,ce_embedded_under_since,1000,0.638,0.3894993894993895,compact,42,hans,True
subcase,ce_embedded_under_verb,1000,0.723,0.4196169471851422,compact,42,hans,True
subcase,cn_adverb,1000,0.126,0.11190053285968028,compact,42,hans,True
subcase,cn_after_if_clause,1000,0.385,0.2779783393501805,compact,42,hans,True
subcase,cn_disjunction,1000,0.378,0.274310595065312,compact,42,hans,True
subcase,cn_embedded_under_if,1000,0.431,0.30118798043326345,compact,42,hans,True
subcase,cn_embedded_under_verb,1000,0.242,0.19484702093397746,compact,42,hans,True
subcase,le_around_prepositional_phrase,1000,0.686,0.4068801897983393,compact,42,hans,True
subcase,le_around_relative_clause,1000,0.653,0.39503932244404116,compact,42,hans,True
subcase,le_conjunction,1000,0.736,0.423963133640553,compact,42,hans,True
subcase,le_passive,1000,0.689,0.4079336885731202,compact,42,hans,True
subcase,le_relative_clause,1000,0.656,0.3961352657004831,compact,42,hans,True
subcase,ln_conjunction,1000,0.306,0.2343032159264931,compact,42,hans,True
subcase,ln_passive,1000,0.282,0.21996879875195008,compact,42,hans,True
subcase,ln_preposition,1000,0.364,0.2668621700879765,compact,42,hans,True
subcase,ln_relative_clause,1000,0.351,0.2598075499629904,compact,42,hans,True
subcase,ln_subject/object_swap,1000,0.219,0.17965545529122232,compact,42,hans,True
subcase,se_PP_on_obj,1000,0.679,0.4044073853484217,compact,42,hans,True
subcase,se_adjective,1000,0.881,0.468367889420521,compact,42,hans,True
subcase,se_conjunction,1000,0.739,0.4249568717653824,compact,42,hans,True
subcase,se_relative_clause_on_obj,1000,0.634,0.3880048959608323,compact,42,hans,True
subcase,se_understood_object,1000,0.82,0.45054945054945056,compact,42,hans,True
subcase,sn_NP/S,1000,0.276,0.21630094043887146,compact,42,hans,True
subcase,sn_NP/Z,1000,0.389,0.28005759539236863,compact,42,hans,True
subcase,sn_PP_on_subject,1000,0.253,0.20191540303272146,compact,42,hans,True
subcase,sn_past_participle,1000,0.212,0.17491749174917492,compact,42,hans,True
subcase,sn_relative_clause_on_subject,1000,0.252,0.2012779552715655,compact,42,hans,True
template,temp1,1000,0.219,0.17965545529122232,compact,42,hans,True
template,temp10,82,0.3902439024390244,0.2807017543859649,compact,42,hans,True
template,temp11,84,0.4166666666666667,0.29411764705882354,compact,42,hans,True
template,temp12,81,0.25925925925925924,0.20588235294117646,compact,42,hans,True
template,temp13,76,0.3815789473684211,0.2761904761904762,compact,42,hans,True
template,temp14,81,0.3333333333333333,0.25,compact,42,hans,True
template,temp15,100,0.45,0.3103448275862069,compact,42,hans,True
template,temp16,80,0.4125,0.2920353982300885,compact,42,hans,True
template,temp17,68,0.29411764705882354,0.22727272727272727,compact,42,hans,True
template,temp18,92,0.2608695652173913,0.20689655172413793,compact,42,hans,True
template,temp19,86,0.20930232558139536,0.17307692307692307,compact,42,hans,True
template,temp2,177,0.3446327683615819,0.25630252100840334,compact,42,hans,True
template,temp20,505,0.300990099009901,0.2313546423135464,compact,42,hans,True
template,temp21,495,0.26262626262626265,0.208,compact,42,hans,True
template,temp22,236,0.2627118644067797,0.2080536912751678,compact,42,hans,True
template,temp23,245,0.3469387755102041,0.25757575757575757,compact,42,hans,True
template,temp24,291,0.28865979381443296,0.224,compact,42,hans,True
template,temp25,228,0.32894736842105265,0.24752475247524752,compact,42,hans,True
template,temp26,266,0.650375939849624,0.3940774487471526,compact,42,hans,True
template,temp27,225,0.6266666666666667,0.38524590163934425,compact,42,hans,True
template,temp28,256,0.640625,0.3904761904761905,compact,42,hans,True
template,temp29,253,0.7035573122529645,0.41299303944315546,compact,42,hans,True
template,temp3,173,0.36416184971098264,0.2669491525423729,compact,42,hans,True
template,temp30,1000,0.686,0.4068801897983393,compact,42,hans,True
template,temp31,1000,0.653,0.39503932244404116,compact,42,hans,True
template,temp32,492,0.7032520325203252,0.4128878281622912,compact,42,hans,True
template,temp33,508,0.7677165354330708,0.43429844097995546,compact,42,hans,True
template,temp35,510,0.6901960784313725,0.40835266821345706,compact,42,hans,True
template,temp36,490,0.6877551020408164,0.407496977025393,compact,42,hans,True
template,temp37,1000,0.276,0.21630094043887146,compact,42,hans,True
template,temp38,1000,0.253,0.20191540303272146,compact,42,hans,True
template,temp39,1000,0.252,0.2012779552715655,compact,42,hans,True
template,temp4,152,0.375,0.2727272727272727,compact,42,hans,True
template,temp40,595,0.2319327731092437,0.1882673942701228,compact,42,hans,True
template,temp41,405,0.18271604938271604,0.1544885177453027,compact,42,hans,True
template,temp42,850,0.34352941176470586,0.25569176882662,compact,42,hans,True
template,temp43,150,0.6466666666666666,0.39271255060728744,compact,42,hans,True
template,temp44,617,0.7633711507293355,0.4329044117647059,compact,42,hans,True
template,temp45,383,0.6997389033942559,0.4116743471582181,compact,42,hans,True
template,temp46,1000,0.881,0.468367889420521,compact,42,hans,True
template,temp47,1000,0.82,0.45054945054945056,compact,42,hans,True
template,temp48,1000,0.634,0.3880048959608323,compact,42,hans,True
template,temp49,1000,0.679,0.4044073853484217,compact,42,hans,True
template,temp5,157,0.4140127388535032,0.2927927927927928,compact,42,hans,True
template,temp50,1000,0.431,0.30118798043326345,compact,42,hans,True
template,temp51,1000,0.385,0.2779783393501805,compact,42,hans,True
template,temp52,1000,0.242,0.19484702093397746,compact,42,hans,True
template,temp53,471,0.3248407643312102,0.24519230769230768,compact,42,hans,True
template,temp54,529,0.42533081285444235,0.2984084880636605,compact,42,hans,True
template,temp58,1000,0.126,0.11190053285968028,compact,42,hans,True
template,temp59,1000,0.638,0.3894993894993895,compact,42,hans,True
template,temp6,147,0.3197278911564626,0.2422680412371134,compact,42,hans,True
template,temp60,1000,0.541,0.3510707332900714,compact,42,hans,True
template,temp61,1000,0.723,0.4196169471851422,compact,42,hans,True
template,temp62,480,0.64375,0.3916349809885932,compact,42,hans,True
template,temp63,520,0.5692307692307692,0.3627450980392157,compact,42,hans,True
template,temp68,1000,0.797,0.44351697273233165,compact,42,hans,True
template,temp7,194,0.36597938144329895,0.2679245283018868,compact,42,hans,True
template,temp8,69,0.391304347826087,0.28125,compact,42,hans,True
template,temp9,101,0.39603960396039606,0.28368794326241137,compact,42,hans,True
has_negation,False,29510,0.4979667909183328,0.4759474884749104,compact,42,hans,True
has_negation,True,490,0.5061224489795918,0.5031342182890856,compact,42,hans,True
lexical_overlap_bucket,all,30000,0.4981,0.47710754042285675,compact,42,hans,True
has_negation,False,9548,0.7565982404692082,0.7550394951542211,compact,73,snli_test,True
has_negation,True,276,0.7789855072463768,0.725600081887507,compact,73,snli_test,True
lexical_overlap_bucket,low,3573,0.7500699692135461,0.7436569601831854,compact,73,snli_test,True
lexical_overlap_bucket,mid,3264,0.7457107843137255,0.7472704395304047,compact,73,snli_test,True
lexical_overlap_bucket,high,2987,0.7783729494476063,0.7208036106980126,compact,73,snli_test,True
premise_len_bucket,short,3422,0.7589129164231444,0.7579517333473218,compact,73,snli_test,True
premise_len_bucket,mid,3427,0.7656842719579807,0.7641188250466137,compact,73,snli_test,True
premise_len_bucket,long,2975,0.745546218487395,0.7438285272639303,compact,73,snli_test,True
hypothesis_len_bucket,short,4324,0.776595744680851,0.75653973996817,compact,73,snli_test,True
hypothesis_len_bucket,mid,2683,0.7476705180767798,0.7459369708257517,compact,73,snli_test,True
hypothesis_len_bucket,long,2817,0.736599219027334,0.7319824754414399,compact,73,snli_test,True
has_negation,False,6537,0.444546428025088,0.420447176965068,compact,73,mnli_matched,True
has_negation,True,3278,0.43715680292861503,0.4130359783933571,compact,73,mnli_matched,True
lexical_overlap_bucket,low,3312,0.4803743961352657,0.45147274535174703,compact,73,mnli_matched,True
lexical_overlap_bucket,mid,3232,0.44523514851485146,0.4416255908521242,compact,73,mnli_matched,True
lexical_overlap_bucket,high,3271,0.40018343014368696,0.38476996918990575,compact,73,mnli_matched,True
premise_len_bucket,short,3568,0.4829035874439462,0.4813898302760588,compact,73,mnli_matched,True
premise_len_bucket,mid,3115,0.46003210272873196,0.4574446198703241,compact,73,mnli_matched,True
premise_len_bucket,long,3132,0.3777139208173691,0.36279789578969873,compact,73,mnli_matched,True
hypothesis_len_bucket,short,3998,0.4612306153076538,0.4600297426565965,compact,73,mnli_matched,True
hypothesis_len_bucket,mid,2909,0.43451357854932965,0.4272957844296808,compact,73,mnli_matched,True
hypothesis_len_bucket,long,2908,0.42331499312242094,0.39882477787311926,compact,73,mnli_matched,True
has_negation,False,6615,0.4456538170823885,0.421064235208988,compact,73,mnli_mismatched,True
has_negation,True,3217,0.47497668635374574,0.43039129105220625,compact,73,mnli_mismatched,True
lexical_overlap_bucket,low,3310,0.5075528700906344,0.46816880682461054,compact,73,mnli_mismatched,True
lexical_overlap_bucket,mid,3447,0.45546852335364085,0.45258021166294243,compact,73,mnli_mismatched,True
lexical_overlap_bucket,high,3075,0.3986991869918699,0.3842916549727607,compact,73,mnli_mismatched,True
premise_len_bucket,short,3555,0.49170182841068916,0.49253089946785894,compact,73,mnli_mismatched,True
premise_len_bucket,mid,3029,0.4671508748761968,0.46641116639872043,compact,73,mnli_mismatched,True
premise_len_bucket,long,3248,0.4042487684729064,0.3938947246284695,compact,73,mnli_mismatched,True
hypothesis_len_bucket,short,4208,0.4790874524714829,0.48017791160620266,compact,73,mnli_mismatched,True
hypothesis_len_bucket,mid,2754,0.4651416122004357,0.459116477791488,compact,73,mnli_mismatched,True
hypothesis_len_bucket,long,2870,0.410801393728223,0.38815824856000325,compact,73,mnli_mismatched,True
heuristic,constituent,10000,0.4871,0.48709974867887684,compact,73,hans,True
heuristic,lexical_overlap,10000,0.4983,0.49829236902693286,compact,73,hans,True
heuristic,subsequence,10000,0.4813,0.47988820333802273,compact,73,hans,True
subcase,ce_adverb,1000,0.583,0.36828806064434616,compact,73,hans,True
subcase,ce_after_since_clause,1000,0.424,0.29775280898876405,compact,73,hans,True
subcase,ce_conjunction,1000,0.444,0.3074792243767313,compact,73,hans,True
subcase,ce_embedded_under_since,1000,0.44,0.3055555555555556,compact,73,hans,True
subcase,ce_embedded_under_verb,1000,0.541,0.3510707332900714,compact,73,hans,True
subcase,cn_adverb,1000,0.318,0.24127465857359637,compact,73,hans,True
subcase,cn_after_if_clause,1000,0.512,0.3386243386243386,compact,73,hans,True
subcase,cn_disjunction,1000,0.568,0.3622448979591837,compact,73,hans,True
subcase,cn_embedded_under_if,1000,0.65,0.3939393939393939,compact,73,hans,True
subcase,cn_embedded_under_verb,1000,0.391,0.28109273903666426,compact,73,hans,True
subcase,le_around_prepositional_phrase,1000,0.469,0.3192648059904697,compact,73,hans,True
subcase,le_around_relative_clause,1000,0.458,0.31412894375857336,compact,73,hans,True
subcase,le_conjunction,1000,0.525,0.3442622950819672,compact,73,hans,True
subcase,le_passive,1000,0.55,0.3548387096774194,compact,73,hans,True
subcase,le_relative_clause,1000,0.47,0.3197278911564626,compact,73,hans,True
subcase,ln_conjunction,1000,0.506,0.33598937583001326,compact,73,hans,True
subcase,ln_passive,1000,0.434,0.30264993026499304,compact,73,hans,True
subcase,ln_preposition,1000,0.577,0.3658845909955612,compact,73,hans,True
subcase,ln_relative_clause,1000,0.527,0.34512115258677145,compact,73,hans,True
subcase,ln_subject/object_swap,1000,0.467,0.3183367416496251,compact,73,hans,True
subcase,se_PP_on_obj,1000,0.411,0.29128277817150955,compact,73,hans,True
subcase,se_adjective,1000,0.657,0.3964996982498491,compact,73,hans,True
subcase,se_conjunction,1000,0.54,0.35064935064935066,compact,73,hans,True
subcase,se_relative_clause_on_obj,1000,0.461,0.31553730321697465,compact,73,hans,True
subcase,se_understood_object,1000,0.598,0.3742177722152691,compact,73,hans,True
subcase,sn_NP/S,1000,0.571,0.3634627625716104,compact,73,hans,True
subcase,sn_NP/Z,1000,0.499,0.33288859239492996,compact,73,hans,True
subcase,sn_PP_on_subject,1000,0.428,0.29971988795518206,compact,73,hans,True
subcase,sn_past_participle,1000,0.268,0.2113564668769716,compact,73,hans,True
subcase,sn_relative_clause_on_subject,1000,0.38,0.2753623188405797,compact,73,hans,True
template,temp1,1000,0.467,0.3183367416496251,compact,73,hans,True
template,temp10,82,0.573170731707317,0.3643410852713178,compact,73,hans,True
template,temp11,84,0.6190476190476191,0.38235294117647056,compact,73,hans,True
template,temp12,81,0.5061728395061729,0.3360655737704918,compact,73,hans,True
template,temp13,76,0.5657894736842105,0.36134453781512604,compact,73,hans,True
template,temp14,81,0.5555555555555556,0.35714285714285715,compact,73,hans,True
template,temp15,100,0.62,0.38271604938271603,compact,73,hans,True
template,temp16,80,0.575,0.36507936507936506,compact,73,hans,True
template,temp17,68,0.4411764705882353,0.30612244897959184,compact,73,hans,True
template,temp18,92,0.41304347826086957,0.2923076923076923,compact,73,hans,True
template,temp19,86,0.36046511627906974,0.26495726495726496,compact,73,hans,True
template,temp2,177,0.559322033898305,0.358695652173913,compact,73,hans,True
template,temp20,505,0.4079207920792079,0.28973277074542897,compact,73,hans,True
template,temp21,495,0.46060606060606063,0.3153526970954357,compact,73,hans,True
template,temp22,236,0.5296610169491526,0.3462603878116344,compact,73,hans,True
template,temp23,245,0.5795918367346938,0.3669250645994832,compact,73,hans,True
template,temp24,291,0.4742268041237113,0.32167832167832167,compact,73,hans,True
template,temp25,228,0.44298245614035087,0.3069908814589666,compact,73,hans,True
template,temp26,266,0.39473684210526316,0.2830188679245283,compact,73,hans,True
template,temp27,225,0.40444444444444444,0.2879746835443038,compact,73,hans,True
template,temp28,256,0.5,0.3333333333333333,compact,73,hans,True
template,temp29,253,0.5770750988142292,0.3659147869674185,compact,73,hans,True
template,temp3,173,0.5895953757225434,0.3709090909090909,compact,73,hans,True
template,temp30,1000,0.469,0.3192648059904697,compact,73,hans,True
template,temp31,1000,0.458,0.31412894375857336,compact,73,hans,True
template,temp32,492,0.5467479674796748,0.35348226018396844,compact,73,hans,True
template,temp33,508,0.5039370078740157,0.33507853403141363,compact,73,hans,True
template,temp35,510,0.5764705882352941,0.3656716417910448,compact,73,hans,True
template,temp36,490,0.5224489795918368,0.34316353887399464,compact,73,hans,True
template,temp37,1000,0.571,0.3634627625716104,compact,73,hans,True
template,temp38,1000,0.428,0.29971988795518206,compact,73,hans,True
template,temp39,1000,0.38,0.2753623188405797,compact,73,hans,True
template,temp4,152,0.5460526315789473,0.35319148936170214,compact,73,hans,True
template,temp40,595,0.3042016806722689,0.23324742268041238,compact,73,hans,True
template,temp41,405,0.21481481481481482,0.17682926829268292,compact,73,hans,True
template,temp42,850,0.5,0.3333333333333333,compact,73,hans,True
template,temp43,150,0.49333333333333335,0.33035714285714285,compact,73,hans,True
template,temp44,617,0.6126418152350082,0.3798994974874372,compact,73,hans,True
template,temp45,383,0.42297650130548303,0.29724770642201837,compact,73,hans,True
template,temp46,1000,0.657,0.3964996982498491,compact,73,hans,True
template,temp47,1000,0.598,0.3742177722152691,compact,73,hans,True
template,temp48,1000,0.461,0.31553730321697465,compact,73,hans,True
template,temp49,1000,0.411,0.29128277817150955,compact,73,hans,True
template,temp5,157,0.5923566878980892,0.372,compact,73,hans,True
template,temp50,1000,0.65,0.3939393939393939,compact,73,hans,True
template,temp51,1000,0.512,0.3386243386243386,compact,73,hans,True
template,temp52,1000,0.391,0.28109273903666426,compact,73,hans,True
template,temp53,471,0.5774946921443737,0.36608344549125166,compact,73,hans,True
template,temp54,529,0.5595463137996219,0.35878787878787877,compact,73,hans,True
template,temp58,1000,0.318,0.24127465857359637,compact,73,hans,True
template,temp59,1000,0.44,0.3055555555555556,compact,73,hans,True
template,temp6,147,0.54421768707483,0.3524229074889868,compact,73,hans,True
template,temp60,1000,0.424,0.29775280898876405,compact,73,hans,True
template,temp61,1000,0.541,0.3510707332900714,compact,73,hans,True
template,temp62,480,0.4354166666666667,0.3033381712626996,compact,73,hans,True
template,temp63,520,0.4519230769230769,0.31125827814569534,compact,73,hans,True
template,temp68,1000,0.583,0.36828806064434616,compact,73,hans,True
template,temp7,194,0.6185567010309279,0.3821656050955414,compact,73,hans,True
template,temp8,69,0.5072463768115942,0.33653846153846156,compact,73,hans,True
template,temp9,101,0.5643564356435643,0.36075949367088606,compact,73,hans,True
has_negation,False,29510,0.48776685869196884,0.48753772304289567,compact,73,hans,True
has_negation,True,490,0.5571428571428572,0.512021624697681,compact,73,hans,True
lexical_overlap_bucket,all,30000,0.4889,0.488771837939928,compact,73,hans,True
has_negation,False,9548,0.9064725596983662,0.9065016882556076,bert,17,snli_test,True
has_negation,True,276,0.9130434782608695,0.8848064079533849,bert,17,snli_test,True
lexical_overlap_bucket,low,3573,0.9059613769941226,0.8978147859694059,bert,17,snli_test,True
lexical_overlap_bucket,mid,3264,0.8946078431372549,0.8942800938935066,bert,17,snli_test,True
lexical_overlap_bucket,high,2987,0.920656176765986,0.9059583910610082,bert,17,snli_test,True
premise_len_bucket,short,3422,0.9047340736411456,0.9046333191100256,bert,17,snli_test,True
premise_len_bucket,mid,3427,0.908666472133061,0.9082165254228797,bert,17,snli_test,True
premise_len_bucket,long,2975,0.9065546218487395,0.9063120585605712,bert,17,snli_test,True
hypothesis_len_bucket,short,4324,0.9162812210915818,0.9078750065260822,bert,17,snli_test,True
hypothesis_len_bucket,mid,2683,0.902348117778606,0.8998029478711297,bert,17,snli_test,True
hypothesis_len_bucket,long,2817,0.8959886403975861,0.8935161109954673,bert,17,snli_test,True
has_negation,False,6537,0.7503441945846718,0.7386570105790623,bert,17,mnli_matched,True
has_negation,True,3278,0.7467968273337401,0.7197562677231176,bert,17,mnli_matched,True
lexical_overlap_bucket,low,3312,0.706219806763285,0.6984571889066894,bert,17,mnli_matched,True
lexical_overlap_bucket,mid,3232,0.7298886138613861,0.7296113182595025,bert,17,mnli_matched,True
lexical_overlap_bucket,high,3271,0.8116783858147355,0.7662878202559794,bert,17,mnli_matched,True
premise_len_bucket,short,3568,0.7634529147982063,0.7619941379475851,bert,17,mnli_matched,True
premise_len_bucket,mid,3115,0.7492776886035313,0.7465791246717023,bert,17,mnli_matched,True
premise_len_bucket,long,3132,0.7327586206896551,0.7272606335678734,bert,17,mnli_matched,True
hypothesis_len_bucket,short,3998,0.7526263131565782,0.7404262184001588,bert,17,mnli_matched,True
hypothesis_len_bucket,mid,2909,0.7483671364730148,0.7485454968447446,bert,17,mnli_matched,True
hypothesis_len_bucket,long,2908,0.7451856946354883,0.7412152692686783,bert,17,mnli_matched,True
has_negation,False,6615,0.7399848828420257,0.7234564430308676,bert,17,mnli_mismatched,True
has_negation,True,3217,0.7516319552377992,0.7106883321352521,bert,17,mnli_mismatched,True
lexical_overlap_bucket,low,3310,0.6909365558912387,0.6824463737477147,bert,17,mnli_mismatched,True
lexical_overlap_bucket,mid,3447,0.7304902814041195,0.7287454922700262,bert,17,mnli_mismatched,True
lexical_overlap_bucket,high,3075,0.8156097560975609,0.763606193348768,bert,17,mnli_mismatched,True
premise_len_bucket,short,3555,0.770464135021097,0.7686835759785305,bert,17,mnli_mismatched,True
premise_len_bucket,mid,3029,0.7428194123473093,0.7370116961453639,bert,17,mnli_mismatched,True
premise_len_bucket,long,3248,0.7155172413793104,0.7091513506397301,bert,17,mnli_mismatched,True
hypothesis_len_bucket,short,4208,0.7604562737642585,0.75043798004811,bert,17,mnli_mismatched,True
hypothesis_len_bucket,mid,2754,0.7389251997095134,0.736521334671699,bert,17,mnli_mismatched,True
hypothesis_len_bucket,long,2870,0.7240418118466899,0.7195327601358857,bert,17,mnli_mismatched,True
heuristic,constituent,10000,0.5126,0.3610642462091866,bert,17,hans,True
heuristic,lexical_overlap,10000,0.7884,0.7803534781026742,bert,17,hans,True
heuristic,subsequence,10000,0.535,0.40992231989001865,bert,17,hans,True
subcase,ce_adverb,1000,1.0,1.0,bert,17,hans,True
subcase,ce_after_since_clause,1000,1.0,1.0,bert,17,hans,True
subcase,ce_conjunction,1000,1.0,1.0,bert,17,hans,True
subcase,ce_embedded_under_since,1000,0.999,0.49974987493746875,bert,17,hans,True
subcase,ce_embedded_under_verb,1000,0.999,0.49974987493746875,bert,17,hans,True
subcase,cn_adverb,1000,0.001,0.000999000999000999,bert,17,hans,True
subcase,cn_after_if_clause,1000,0.0,0.0,bert,17,hans,True
subcase,cn_disjunction,1000,0.001,0.000999000999000999,bert,17,hans,True
subcase,cn_embedded_under_if,1000,0.125,0.1111111111111111,bert,17,hans,True
subcase,cn_embedded_under_verb,1000,0.001,0.000999000999000999,bert,17,hans,True
subcase,le_around_prepositional_phrase,1000,1.0,1.0,bert,17,hans,True
subcase,le_around_relative_clause,1000,0.965,0.4910941475826972,bert,17,hans,True
subcase,le_conjunction,1000,0.963,0.4905756495160469,bert,17,hans,True
subcase,le_passive,1000,0.993,0.49824385348720523,bert,17,hans,True
subcase,le_relative_clause,1000,0.978,0.49443882709807885,bert,17,hans,True
subcase,ln_conjunction,1000,0.502,0.33422103861517977,bert,17,hans,True
subcase,ln_passive,1000,0.317,0.24069855732725892,bert,17,hans,True
subcase,ln_preposition,1000,0.72,0.4186046511627907,bert,17,hans,True
subcase,ln_relative_clause,1000,0.639,0.3898718730933496,bert,17,hans,True
subcase,ln_subject/object_swap,1000,0.807,0.4465965688987272,bert,17,hans,True
subcase,se_PP_on_obj,1000,1.0,1.0,bert,17,hans,True
subcase,se_adjective,1000,1.0,1.0,bert,17,hans,True
subcase,se_conjunction,1000,0.977,0.49418310571573093,bert,17,hans,True
subcase,se_relative_clause_on_obj,1000,1.0,1.0,bert,17,hans,True
subcase,se_understood_object,1000,1.0,1.0,bert,17,hans,True
subcase,sn_NP/S,1000,0.0,0.0,bert,17,hans,True
subcase,sn_NP/Z,1000,0.113,0.10152740341419586,bert,17,hans,True
subcase,sn_PP_on_subject,1000,0.126,0.11190053285968028,bert,17,hans,True
subcase,sn_past_participle,1000,0.006,0.005964214711729622,bert,17,hans,True
subcase,sn_relative_clause_on_subject,1000,0.128,0.11347517730496454,bert,17,hans,True
template,temp1,1000,0.807,0.4465965688987272,bert,17,hans,True
template,temp10,82,0.7804878048780488,0.4383561643835616,bert,17,hans,True
template,temp11,84,0.5357142857142857,0.3488372093023256,bert,17,hans,True
template,temp12,81,0.7037037037037037,0.41304347826086957,bert,17,hans,True
template,temp13,76,0.631578947368421,0.3870967741935484,bert,17,hans,True
template,temp14,81,0.5925925925925926,0.37209302325581395,bert,17,hans,True
template,temp15,100,0.63,0.38650306748466257,bert,17,hans,True
template,temp16,80,0.825,0.4520547945205479,bert,17,hans,True
template,temp17,68,0.7058823529411765,0.41379310344827586,bert,17,hans,True
template,temp18,92,0.75,0.42857142857142855,bert,17,hans,True
template,temp19,86,0.4069767441860465,0.2892561983471074,bert,17,hans,True
template,temp2,177,0.480225988700565,0.3244274809160305,bert,17,hans,True
template,temp20,505,0.27920792079207923,0.21826625386996903,bert,17,hans,True
template,temp21,495,0.35555555555555557,0.26229508196721313,bert,17,hans,True
template,temp22,236,0.2627118644067797,0.2080536912751678,bert,17,hans,True
template,temp23,245,0.3224489795918367,0.24382716049382716,bert,17,hans,True
template,temp24,291,0.718213058419244,0.418,bert,17,hans,True
template,temp25,228,0.6666666666666666,0.4,bert,17,hans,True
template,temp26,266,0.981203007518797,0.4952561669829222,bert,17,hans,True
template,temp27,225,1.0,1.0,bert,17,hans,True
template,temp28,256,0.984375,0.49606299212598426,bert,17,hans,True
template,temp29,253,0.9486166007905138,0.486815415821501,bert,17,hans,True
template,temp3,173,0.7803468208092486,0.4383116883116883,bert,17,hans,True
template,temp30,1000,1.0,1.0,bert,17,hans,True
template,temp31,1000,0.965,0.4910941475826972,bert,17,hans,True
template,temp32,492,0.991869918699187,0.49795918367346936,bert,17,hans,True
template,temp33,508,0.9350393700787402,0.4832146490335707,bert,17,hans,True
template,temp35,510,1.0,1.0,bert,17,hans,True
template,temp36,490,0.9857142857142858,0.49640287769784175,bert,17,hans,True
template,temp37,1000,0.0,0.0,bert,17,hans,True
template,temp38,1000,0.126,0.11190053285968028,bert,17,hans,True
template,temp39,1000,0.128,0.11347517730496454,bert,17,hans,True
template,temp4,152,0.8289473684210527,0.45323741007194246,bert,17,hans,True
template,temp40,595,0.0033613445378151263,0.0033500837520938024,bert,17,hans,True
template,temp41,405,0.009876543209876543,0.009779951100244499,bert,17,hans,True
template,temp42,850,0.05647058823529412,0.053452115812917596,bert,17,hans,True
template,temp43,150,0.43333333333333335,0.3023255813953488,bert,17,hans,True
template,temp44,617,0.9627228525121556,0.49050371593724196,bert,17,hans,True
template,temp45,383,1.0,1.0,bert,17,hans,True
template,temp46,1000,1.0,1.0,bert,17,hans,True
template,temp47,1000,1.0,1.0,bert,17,hans,True
template,temp48,1000,1.0,1.0,bert,17,hans,True
template,temp49,1000,1.0,1.0,bert,17,hans,True
template,temp5,157,0.7770700636942676,0.43727598566308246,bert,17,hans,True
template,temp50,1000,0.125,0.1111111111111111,bert,17,hans,True
template,temp51,1000,0.0,0.0,bert,17,hans,True
template,temp52,1000,0.001,0.000999000999000999,bert,17,hans,True
template,temp53,471,0.0,0.0,bert,17,hans,True
template,temp54,529,0.001890359168241966,0.0018867924528301887,bert,17,hans,True
template,temp58,1000,0.001,0.000999000999000999,bert,17,hans,True
template,temp59,1000,0.999,0.49974987493746875,bert,17,hans,True
template,temp6,147,0.7346938775510204,0.4235294117647059,bert,17,hans,True
template,temp60,1000,1.0,1.0,bert,17,hans,True
template,temp61,1000,0.999,0.49974987493746875,bert,17,hans,True
template,temp62,480,1.0,1.0,bert,17,hans,True
template,temp63,520,1.0,1.0,bert,17,hans,True
template,temp68,1000,1.0,1.0,bert,17,hans,True
template,temp7,194,0.7422680412371134,0.4260355029585799,bert,17,hans,True
template,temp8,69,0.2898550724637681,0.2247191011235955,bert,17,hans,True
template,temp9,101,0.7524752475247525,0.4293785310734463,bert,17,hans,True
has_negation,False,29510,0.6133514063029482,0.5489063556296916,bert,17,hans,True
has_negation,True,490,0.5306122448979592,0.3919414709944751,bert,17,hans,True
lexical_overlap_bucket,all,30000,0.612,0.5466780473843884,bert,17,hans,True
has_negation,False,9548,0.9018642647674906,0.9018461638948595,bert,42,snli_test,True
has_negation,True,276,0.9166666666666666,0.8877278981768146,bert,42,snli_test,True
lexical_overlap_bucket,low,3573,0.8936467954100196,0.8843143267308279,bert,42,snli_test,True
lexical_overlap_bucket,mid,3264,0.8952205882352942,0.8948884091637778,bert,42,snli_test,True
lexical_overlap_bucket,high,2987,0.9203213927017074,0.9038631027995088,bert,42,snli_test,True
premise_len_bucket,short,3422,0.9032729398012858,0.9032374586081798,bert,42,snli_test,True
premise_len_bucket,mid,3427,0.9025386635541289,0.9021799260857936,bert,42,snli_test,True
premise_len_bucket,long,2975,0.9008403361344538,0.9004504399423099,bert,42,snli_test,True
hypothesis_len_bucket,short,4324,0.9128122109158187,0.9043628054306092,bert,42,snli_test,True
hypothesis_len_bucket,mid,2683,0.8986209467014536,0.8963658125425839,bert,42,snli_test,True
hypothesis_len_bucket,long,2817,0.8895988640397586,0.886123619291026,bert,42,snli_test,True
has_negation,False,6537,0.7408597215848248,0.7289760580739567,bert,42,mnli_matched,True
has_negation,True,3278,0.7263575350823673,0.6962200085750826,bert,42,mnli_matched,True
lexical_overlap_bucket,low,3312,0.696256038647343,0.6816031420155827,bert,42,mnli_matched,True
lexical_overlap_bucket,mid,3232,0.7144183168316832,0.7144166400759723,bert,42,mnli_matched,True
lexical_overlap_bucket,high,3271,0.7976154081320697,0.7537481940422689,bert,42,mnli_matched,True
premise_len_bucket,short,3568,0.7544843049327354,0.7531858620794911,bert,42,mnli_matched,True
premise_len_bucket,mid,3115,0.7357945425361155,0.7340401819049854,bert,42,mnli_matched,True
premise_len_bucket,long,3132,0.7151979565772669,0.712199623589762,bert,42,mnli_matched,True
hypothesis_len_bucket,short,3998,0.7403701850925463,0.729275192385542,bert,42,mnli_matched,True
hypothesis_len_bucket,mid,2909,0.7315228600893778,0.7319183816868488,bert,42,mnli_matched,True
hypothesis_len_bucket,long,2908,0.734525447042641,0.7296277778292173,bert,42,mnli_matched,True
has_negation,False,6615,0.7286470143613001,0.7121894073979326,bert,42,mnli_mismatched,True
has_negation,True,3217,0.7308050979173143,0.6810423065081738,bert,42,mnli_mismatched,True
lexical_overlap_bucket,low,3310,0.6794561933534743,0.668537175567738,bert,42,mnli_mismatched,True
lexical_overlap_bucket,mid,3447,0.7180156657963447,0.7167622763562314,bert,42,mnli_mismatched,True
lexical_overlap_bucket,high,3075,0.7957723577235772,0.7439917332347895,bert,42,mnli_mismatched,True
premise_len_bucket,short,3555,0.7521800281293952,0.7503475126591965,bert,42,mnli_mismatched,True
premise_len_bucket,mid,3029,0.7411687025420931,0.7371096976662347,bert,42,mnli_mismatched,True
premise_len_bucket,long,3248,0.6933497536945813,0.6878066449824857,bert,42,mnli_mismatched,True
hypothesis_len_bucket,short,4208,0.7473859315589354,0.7370457842217641,bert,42,mnli_mismatched,True
hypothesis_len_bucket,mid,2754,0.7222222222222222,0.7203269127109219,bert,42,mnli_mismatched,True
hypothesis_len_bucket,long,2870,0.7097560975609756,0.7051285206883181,bert,42,mnli_mismatched,True
heuristic,constituent,10000,0.5036,0.34421118407928647,bert,42,hans,True
heuristic,lexical_overlap,10000,0.6737,0.6446987137102556,bert,42,hans,True
heuristic,subsequence,10000,0.5289,0.3977175220004738,bert,42,hans,True
subcase,ce_adverb,1000,1.0,1.0,bert,42,hans,True
subcase,ce_after_since_clause,1000,1.0,1.0,bert,42,hans,True
subcase,ce_conjunction,1000,1.0,1.0,bert,42,hans,True
subcase,ce_embedded_under_since,1000,0.998,0.4994994994994995,bert,42,hans,True
subcase,ce_embedded_under_verb,1000,0.985,0.49622166246851385,bert,42,hans,True
subcase,cn_adverb,1000,0.0,0.0,bert,42,hans,True
subcase,cn_after_if_clause,1000,0.0,0.0,bert,42,hans,True
subcase,cn_disjunction,1000,0.022,0.021526418786692758,bert,42,hans,True
subcase,cn_embedded_under_if,1000,0.022,0.021526418786692758,bert,42,hans,True
subcase,cn_embedded_under_verb,1000,0.009,0.008919722497522299,bert,42,hans,True
subcase,le_around_prepositional_phrase,1000,1.0,1.0,bert,42,hans,True
subcase,le_around_relative_clause,1000,0.997,0.4992488733099649,bert,42,hans,True
subcase,le_conjunction,1000,0.961,0.49005609382967874,bert,42,hans,True
subcase,le_passive,1000,0.898,0.4731296101159115,bert,42,hans,True
subcase,le_relative_clause,1000,0.941,0.48480164863472436,bert,42,hans,True
subcase,ln_conjunction,1000,0.417,0.29428369795342274,bert,42,hans,True
subcase,ln_passive,1000,0.035,0.033816425120772944,bert,42,hans,True
subcase,ln_preposition,1000,0.518,0.3412384716732543,bert,42,hans,True
subcase,ln_relative_clause,1000,0.377,0.2737835875090777,bert,42,hans,True
subcase,ln_subject/object_swap,1000,0.593,0.37225360954174513,bert,42,hans,True
subcase,se_PP_on_obj,1000,1.0,1.0,bert,42,hans,True
subcase,se_adjective,1000,1.0,1.0,bert,42,hans,True
subcase,se_conjunction,1000,0.978,0.49443882709807885,bert,42,hans,True
subcase,se_relative_clause_on_obj,1000,1.0,1.0,bert,42,hans,True
subcase,se_understood_object,1000,1.0,1.0,bert,42,hans,True
subcase,sn_NP/S,1000,0.002,0.001996007984031936,bert,42,hans,True
subcase,sn_NP/Z,1000,0.115,0.1031390134529148,bert,42,hans,True
subcase,sn_PP_on_subject,1000,0.118,0.10554561717352415,bert,42,hans,True
subcase,sn_past_participle,1000,0.012,0.011857707509881422,bert,42,hans,True
subcase,sn_relative_clause_on_subject,1000,0.064,0.06015037593984962,bert,42,hans,True
template,temp1,1000,0.593,0.37225360954174513,bert,42,hans,True
template,temp10,82,0.5121951219512195,0.3387096774193548,bert,42,hans,True
template,temp11,84,0.17857142857142858,0.15151515151515152,bert,42,hans,True
template,temp12,81,0.4444444444444444,0.3076923076923077,bert,42,hans,True
template,temp13,76,0.5131578947368421,0.3391304347826087,bert,42,hans,True
template,temp14,81,0.08641975308641975,0.07954545454545454,bert,42,hans,True
template,temp15,100,0.34,0.2537313432835821,bert,42,hans,True
template,temp16,80,0.675,0.40298507462686567,bert,42,hans,True
template,temp17,68,0.22058823529411764,0.18072289156626506,bert,42,hans,True
template,temp18,92,0.2608695652173913,0.20689655172413793,bert,42,hans,True
template,temp19,86,0.5697674418604651,0.362962962962963,bert,42,hans,True
template,temp2,177,0.2033898305084746,0.16901408450704225,bert,42,hans,True
template,temp20,505,0.03762376237623762,0.03625954198473282,bert,42,hans,True
template,temp21,495,0.03232323232323232,0.03131115459882583,bert,42,hans,True
template,temp22,236,0.1059322033898305,0.09578544061302682,bert,42,hans,True
template,temp23,245,0.1469387755102041,0.12811387900355872,bert,42,hans,True
template,temp24,291,0.6494845360824743,0.39375,bert,42,hans,True
template,temp25,228,0.7324561403508771,0.42278481012658226,bert,42,hans,True
template,temp26,266,0.8947368421052632,0.4722222222222222,bert,42,hans,True
template,temp27,225,1.0,1.0,bert,42,hans,True
template,temp28,256,0.984375,0.49606299212598426,bert,42,hans,True
template,temp29,253,0.8932806324110671,0.4718162839248434,bert,42,hans,True
template,temp3,173,0.5606936416184971,0.3592592592592593,bert,42,hans,True
template,temp30,1000,1.0,1.0,bert,42,hans,True
template,temp31,1000,0.997,0.4992488733099649,bert,42,hans,True
template,temp32,492,0.975609756097561,0.49382716049382713,bert,42,hans,True
template,temp33,508,0.9468503937007874,0.4863498483316481,bert,42,hans,True
template,temp35,510,0.8960784313725491,0.4725956566701138,bert,42,hans,True
template,temp36,490,0.9,0.47368421052631576,bert,42,hans,True
template,temp37,1000,0.002,0.001996007984031936,bert,42,hans,True
template,temp38,1000,0.118,0.10554561717352415,bert,42,hans,True
template,temp39,1000,0.064,0.06015037593984962,bert,42,hans,True
template,temp4,152,0.6907894736842105,0.4085603112840467,bert,42,hans,True
template,temp40,595,0.0,0.0,bert,42,hans,True
template,temp41,405,0.02962962962962963,0.02877697841726619,bert,42,hans,True
template,temp42,850,0.08235294117647059,0.07608695652173914,bert,42,hans,True
template,temp43,150,0.3,0.23076923076923078,bert,42,hans,True
template,temp44,617,0.9643435980551054,0.4909240924092409,bert,42,hans,True
template,temp45,383,1.0,1.0,bert,42,hans,True
template,temp46,1000,1.0,1.0,bert,42,hans,True
template,temp47,1000,1.0,1.0,bert,42,hans,True
template,temp48,1000,1.0,1.0,bert,42,hans,True
template,temp49,1000,1.0,1.0,bert,42,hans,True
template,temp5,157,0.4140127388535032,0.2927927927927928,bert,42,hans,True
template,temp50,1000,0.022,0.021526418786692758,bert,42,hans,True
template,temp51,1000,0.0,0.0,bert,42,hans,True
template,temp52,1000,0.009,0.008919722497522299,bert,42,hans,True
template,temp53,471,0.0,0.0,bert,42,hans,True
template,temp54,529,0.04158790170132325,0.039927404718693285,bert,42,hans,True
template,temp58,1000,0.0,0.0,bert,42,hans,True
template,temp59,1000,0.998,0.4994994994994995,bert,42,hans,True
template,temp6,147,0.46938775510204084,0.3194444444444444,bert,42,hans,True
template,temp60,1000,1.0,1.0,bert,42,hans,True
template,temp61,1000,0.985,0.49622166246851385,bert,42,hans,True
template,temp62,480,1.0,1.0,bert,42,hans,True
template,temp63,520,1.0,1.0,bert,42,hans,True
template,temp68,1000,1.0,1.0,bert,42,hans,True
template,temp7,194,0.7525773195876289,0.4294117647058823,bert,42,hans,True
template,temp8,69,0.13043478260869565,0.11538461538461539,bert,42,hans,True
template,temp9,101,0.5247524752475248,0.34415584415584416,bert,42,hans,True
has_negation,False,29510,0.5697051846831582,0.4808245722931295,bert,42,hans,True
has_negation,True,490,0.5102040816326531,0.34870738353160097,bert,42,hans,True
lexical_overlap_bucket,all,30000,0.5687333333333333,0.47893528987390704,bert,42,hans,True
has_negation,False,9548,0.9060536237955593,0.9060781163475461,bert,73,snli_test,True
has_negation,True,276,0.927536231884058,0.8943362831858407,bert,73,snli_test,True
lexical_overlap_bucket,low,3573,0.9034424853064652,0.8946683732858411,bert,73,snli_test,True
lexical_overlap_bucket,mid,3264,0.8970588235294118,0.8964526069269105,bert,73,snli_test,True
lexical_overlap_bucket,high,2987,0.9209909608302644,0.9058030576375665,bert,73,snli_test,True
premise_len_bucket,short,3422,0.9050263004091175,0.9048948380149714,bert,73,snli_test,True
premise_len_bucket,mid,3427,0.9092500729501022,0.9088139937259071,bert,73,snli_test,True
premise_len_bucket,long,2975,0.9055462184873949,0.9052760414676757,bert,73,snli_test,True
hypothesis_len_bucket,short,4324,0.9155874190564293,0.9073986647206459,bert,73,snli_test,True
hypothesis_len_bucket,mid,2683,0.9049571375326128,0.9023338535075659,bert,73,snli_test,True
hypothesis_len_bucket,long,2817,0.8945686900958466,0.8920427814153612,bert,73,snli_test,True
has_negation,False,6537,0.7491203916169497,0.7386847312615776,bert,73,mnli_matched,True
has_negation,True,3278,0.7443563148261135,0.7175146732962828,bert,73,mnli_matched,True
lexical_overlap_bucket,low,3312,0.7164855072463768,0.7078512303406721,bert,73,mnli_matched,True
lexical_overlap_bucket,mid,3232,0.7227722772277227,0.7229893326300326,bert,73,mnli_matched,True
lexical_overlap_bucket,high,3271,0.803424029348823,0.7624025107393902,bert,73,mnli_matched,True
premise_len_bucket,short,3568,0.7670964125560538,0.7659068811328694,bert,73,mnli_matched,True
premise_len_bucket,mid,3115,0.7467094703049759,0.744764050448563,bert,73,mnli_matched,True
premise_len_bucket,long,3132,0.7260536398467433,0.7227229713535407,bert,73,mnli_matched,True
hypothesis_len_bucket,short,3998,0.753376688344172,0.7423785205771017,bert,73,mnli_matched,True
hypothesis_len_bucket,mid,2909,0.7432107253351667,0.7439070263656715,bert,73,mnli_matched,True
hypothesis_len_bucket,long,2908,0.7438101788170564,0.740294641894066,bert,73,mnli_matched,True
has_negation,False,6615,0.7516250944822374,0.736263231115054,bert,73,mnli_mismatched,True
has_negation,True,3217,0.7547404414050357,0.7173156846327555,bert,73,mnli_mismatched,True
lexical_overlap_bucket,low,3310,0.7057401812688822,0.6960309533409337,bert,73,mnli_mismatched,True
lexical_overlap_bucket,mid,3447,0.7403539309544531,0.7396413439538897,bert,73,mnli_mismatched,True
lexical_overlap_bucket,high,3075,0.816910569105691,0.766325364338507,bert,73,mnli_mismatched,True
premise_len_bucket,short,3555,0.7777777777777778,0.7766013347342154,bert,73,mnli_mismatched,True
premise_len_bucket,mid,3029,0.760977220204688,0.7576145694586761,bert,73,mnli_mismatched,True
premise_len_bucket,long,3248,0.7173645320197044,0.7125009912835666,bert,73,mnli_mismatched,True
hypothesis_len_bucket,short,4208,0.7663973384030418,0.7578139266980409,bert,73,mnli_mismatched,True
hypothesis_len_bucket,mid,2754,0.7483660130718954,0.7469285346229683,bert,73,mnli_mismatched,True
hypothesis_len_bucket,long,2870,0.7365853658536585,0.7320174080271241,bert,73,mnli_mismatched,True
heuristic,constituent,10000,0.5107,0.3571757753510503,bert,73,hans,True
heuristic,lexical_overlap,10000,0.7377,0.7212826299222743,bert,73,hans,True
heuristic,subsequence,10000,0.5103,0.3584585187492365,bert,73,hans,True
subcase,ce_adverb,1000,1.0,1.0,bert,73,hans,True
subcase,ce_after_since_clause,1000,1.0,1.0,bert,73,hans,True
subcase,ce_conjunction,1000,1.0,1.0,bert,73,hans,True
subcase,ce_embedded_under_since,1000,0.998,0.4994994994994995,bert,73,hans,True
subcase,ce_embedded_under_verb,1000,0.999,0.49974987493746875,bert,73,hans,True
subcase,cn_adverb,1000,0.0,0.0,bert,73,hans,True
subcase,cn_after_if_clause,1000,0.0,0.0,bert,73,hans,True
subcase,cn_disjunction,1000,0.001,0.000999000999000999,bert,73,hans,True
subcase,cn_embedded_under_if,1000,0.109,0.09828674481514878,bert,73,hans,True
subcase,cn_embedded_under_verb,1000,0.0,0.0,bert,73,hans,True
subcase,le_around_prepositional_phrase,1000,0.998,0.4994994994994995,bert,73,hans,True
subcase,le_around_relative_clause,1000,0.983,0.4957135653050933,bert,73,hans,True
subcase,le_conjunction,1000,0.946,0.48612538540596095,bert,73,hans,True
subcase,le_passive,1000,1.0,1.0,bert,73,hans,True
subcase,le_relative_clause,1000,0.975,0.4936708860759494,bert,73,hans,True
subcase,ln_conjunction,1000,0.434,0.30264993026499304,bert,73,hans,True
subcase,ln_passive,1000,0.168,0.14383561643835616,bert,73,hans,True
subcase,ln_preposition,1000,0.61,0.37888198757763975,bert,73,hans,True
subcase,ln_relative_clause,1000,0.574,0.3646759847522236,bert,73,hans,True
subcase,ln_subject/object_swap,1000,0.689,0.4079336885731202,bert,73,hans,True
subcase,se_PP_on_obj,1000,1.0,1.0,bert,73,hans,True
subcase,se_adjective,1000,1.0,1.0,bert,73,hans,True
subcase,se_conjunction,1000,0.984,0.4959677419354839,bert,73,hans,True
subcase,se_relative_clause_on_obj,1000,1.0,1.0,bert,73,hans,True
subcase,se_understood_object,1000,1.0,1.0,bert,73,hans,True
subcase,sn_NP/S,1000,0.004,0.00398406374501992,bert,73,hans,True
subcase,sn_NP/Z,1000,0.034,0.03288201160541586,bert,73,hans,True
subcase,sn_PP_on_subject,1000,0.031,0.030067895247332686,bert,73,hans,True
subcase,sn_past_participle,1000,0.0,0.0,bert,73,hans,True
subcase,sn_relative_clause_on_subject,1000,0.05,0.047619047619047616,bert,73,hans,True
template,temp1,1000,0.689,0.4079336885731202,bert,73,hans,True
template,temp10,82,0.6829268292682927,0.4057971014492754,bert,73,hans,True
template,temp11,84,0.42857142857142855,0.3,bert,73,hans,True
template,temp12,81,0.7530864197530864,0.4295774647887324,bert,73,hans,True
template,temp13,76,0.6973684210526315,0.4108527131782946,bert,73,hans,True
template,temp14,81,0.5679012345679012,0.36220472440944884,bert,73,hans,True
template,temp15,100,0.43,0.3006993006993007,bert,73,hans,True
template,temp16,80,0.7875,0.4405594405594406,bert,73,hans,True
template,temp17,68,0.6470588235294118,0.39285714285714285,bert,73,hans,True
template,temp18,92,0.6521739130434783,0.39473684210526316,bert,73,hans,True
template,temp19,86,0.46511627906976744,0.31746031746031744,bert,73,hans,True
template,temp2,177,0.4011299435028249,0.2862903225806452,bert,73,hans,True
template,temp20,505,0.15643564356435644,0.13527397260273974,bert,73,hans,True
template,temp21,495,0.1797979797979798,0.1523972602739726,bert,73,hans,True
template,temp22,236,0.3559322033898305,0.2625,bert,73,hans,True
template,temp23,245,0.2693877551020408,0.21221864951768488,bert,73,hans,True
template,temp24,291,0.6082474226804123,0.3782051282051282,bert,73,hans,True
template,temp25,228,0.4692982456140351,0.3194029850746269,bert,73,hans,True
template,temp26,266,0.9774436090225563,0.49429657794676807,bert,73,hans,True
template,temp27,225,1.0,1.0,bert,73,hans,True
template,temp28,256,0.9921875,0.4980392156862745,bert,73,hans,True
template,temp29,253,0.932806324110672,0.48261758691206547,bert,73,hans,True
template,temp3,173,0.7109826589595376,0.4155405405405405,bert,73,hans,True
template,temp30,1000,0.998,0.4994994994994995,bert,73,hans,True
template,temp31,1000,0.983,0.4957135653050933,bert,73,hans,True
template,temp32,492,0.9695121951219512,0.49226006191950467,bert,73,hans,True
template,temp33,508,0.9232283464566929,0.48004094165813715,bert,73,hans,True
template,temp35,510,1.0,1.0,bert,73,hans,True
template,temp36,490,1.0,1.0,bert,73,hans,True
template,temp37,1000,0.004,0.00398406374501992,bert,73,hans,True
template,temp38,1000,0.031,0.030067895247332686,bert,73,hans,True
template,temp39,1000,0.05,0.047619047619047616,bert,73,hans,True
template,temp4,152,0.8026315789473685,0.44525547445255476,bert,73,hans,True
template,temp40,595,0.0,0.0,bert,73,hans,True
template,temp41,405,0.0,0.0,bert,73,hans,True
template,temp42,850,0.011764705882352941,0.011627906976744186,bert,73,hans,True
template,temp43,150,0.16,0.13793103448275862,bert,73,hans,True
template,temp44,617,0.9740680713128039,0.493431855500821,bert,73,hans,True
template,temp45,383,1.0,1.0,bert,73,hans,True
template,temp46,1000,1.0,1.0,bert,73,hans,True
template,temp47,1000,1.0,1.0,bert,73,hans,True
template,temp48,1000,1.0,1.0,bert,73,hans,True
template,temp49,1000,1.0,1.0,bert,73,hans,True
template,temp5,157,0.6560509554140127,0.39615384615384613,bert,73,hans,True
template,temp50,1000,0.109,0.09828674481514878,bert,73,hans,True
template,temp51,1000,0.0,0.0,bert,73,hans,True
template,temp52,1000,0.0,0.0,bert,73,hans,True
template,temp53,471,0.0,0.0,bert,73,hans,True
template,temp54,529,0.001890359168241966,0.0018867924528301887,bert,73,hans,True
template,temp58,1000,0.0,0.0,bert,73,hans,True
template,temp59,1000,0.998,0.4994994994994995,bert,73,hans,True
template,temp6,147,0.6054421768707483,0.3771186440677966,bert,73,hans,True
template,temp60,1000,1.0,1.0,bert,73,hans,True
template,temp61,1000,0.999,0.49974987493746875,bert,73,hans,True
template,temp62,480,1.0,1.0,bert,73,hans,True
template,temp63,520,1.0,1.0,bert,73,hans,True
template,temp68,1000,1.0,1.0,bert,73,hans,True
template,temp7,194,0.5257731958762887,0.34459459459459457,bert,73,hans,True
template,temp8,69,0.13043478260869565,0.11538461538461539,bert,73,hans,True
template,temp9,101,0.6237623762376238,0.38414634146341464,bert,73,hans,True
has_negation,False,29510,0.5867163673331074,0.5055220556884139,bert,73,hans,True
has_negation,True,490,0.5571428571428572,0.44405230603527157,bert,73,hans,True
lexical_overlap_bucket,all,30000,0.5862333333333334,0.5045844193849993,bert,73,hans,True
